Instance,Status,Runtime_sec,Memory_KB,ExitCode
003.normal.bnet,OK,1.29,419812,0
005.normal.bnet,OK,1.36,421648,0
006.normal.bnet,OK,1.42,422112,0
007.normal.bnet,OK,1.22,403216,0
008.normal.bnet,OK,1.34,408932,0
002.normal.bnet,OK,1.98,498808,0
010.normal.bnet,OK,1.24,412488,0
011.normal.bnet,OK,1.34,419424,0
009.normal.bnet,OK,1.64,435044,0
013.normal.bnet,OK,1.31,411456,0
012.normal.bnet,OK,1.49,429440,0
014.normal.bnet,OK,1.27,432516,0
001.normal.bnet,OK,4.03,2039964,0
015.normal.bnet,OK,1.10,429564,0
017.normal.bnet,OK,1.26,438612,0
020.normal.bnet,OK,1.25,415692,0
021.normal.bnet,OK,1.07,418052,0
019.normal.bnet,OK,1.34,421436,0
016.normal.bnet,OK,1.61,433044,0
022.normal.bnet,OK,0.85,412328,0
023.normal.bnet,OK,1.21,408504,0
024.normal.bnet,OK,1.20,422476,0
026.normal.bnet,OK,1.13,420640,0
027.normal.bnet,OK,1.11,414020,0
025.normal.bnet,OK,1.42,430856,0
028.normal.bnet,OK,0.73,409568,0
029.normal.bnet,OK,0.96,414704,0
031.normal.bnet,OK,0.99,421708,0
030.normal.bnet,OK,1.14,419584,0
032.normal.bnet,OK,1.22,411840,0
033.normal.bnet,OK,1.23,414760,0
034.normal.bnet,OK,1.25,410612,0
035.normal.bnet,OK,1.02,412376,0
036.normal.bnet,OK,0.91,418756,0
037.normal.bnet,OK,1.16,408320,0
038.normal.bnet,OK,1.23,417480,0
040.normal.bnet,OK,1.29,415596,0
039.normal.bnet,OK,1.63,464492,0
018.normal.bnet,OK,8.14,1963652,0
042.normal.bnet,OK,0.95,412712,0
043.normal.bnet,OK,1.20,423660,0
041.normal.bnet,OK,1.70,478220,0
044.normal.bnet,OK,1.28,411932,0
045.normal.bnet,OK,0.96,408648,0
047.normal.bnet,OK,0.97,418212,0
046.normal.bnet,OK,1.33,429828,0
048.normal.bnet,OK,1.32,417828,0
049.normal.bnet,OK,0.98,407128,0
052.normal.bnet,OK,1.16,416268,0
053.normal.bnet,OK,1.16,413104,0
051.normal.bnet,OK,1.47,431372,0
054.normal.bnet,OK,1.29,417684,0
055.normal.bnet,OK,0.97,413372,0
056.normal.bnet,OK,1.49,428568,0
057.normal.bnet,OK,1.17,414916,0
058.normal.bnet,OK,1.20,420140,0
059.normal.bnet,OK,1.41,433216,0
061.normal.bnet,OK,1.32,418960,0
060.normal.bnet,OK,1.84,494404,0
062.normal.bnet,OK,1.16,413440,0
063.normal.bnet,OK,0.93,409392,0
064.normal.bnet,OK,0.90,407900,0
067.normal.bnet,OK,0.86,413660,0
065.normal.bnet,OK,1.33,428508,0
066.normal.bnet,OK,1.22,423476,0
068.normal.bnet,OK,1.15,408336,0
069.normal.bnet,OK,1.06,411536,0
070.normal.bnet,OK,1.15,421592,0
071.normal.bnet,OK,1.10,412204,0
073.normal.bnet,OK,1.28,435428,0
072.normal.bnet,OK,1.69,441972,0
074.normal.bnet,OK,1.22,417624,0
076.normal.bnet,OK,1.34,413092,0
075.normal.bnet,OK,1.90,467856,0
077.normal.bnet,OK,1.57,430232,0
081.normal.bnet,OK,1.56,449176,0
080.normal.bnet,OK,2.30,480080,0
078.normal.bnet,OK,2.97,484052,0
082.normal.bnet,OK,2.23,486560,0
083.normal.bnet,OK,3.12,552252,0
084.normal.bnet,OK,1.96,452724,0
085.normal.bnet,OK,1.47,418776,0
086.normal.bnet,OK,1.43,430808,0
088.normal.bnet,OK,1.03,409516,0
090.normal.bnet,OK,1.45,424436,0
089.normal.bnet,OK,1.89,458096,0
091.normal.bnet,OK,1.91,439224,0
092.normal.bnet,OK,2.08,464840,0
094.normal.bnet,OK,1.42,413436,0
095.normal.bnet,OK,1.35,408092,0
093.normal.bnet,OK,1.95,460844,0
097.normal.bnet,OK,1.28,405544,0
096.normal.bnet,OK,1.43,417096,0
098.normal.bnet,OK,1.51,435012,0
099.normal.bnet,OK,1.50,423116,0
100.normal.bnet,OK,1.45,417864,0
102.normal.bnet,OK,1.41,414296,0
103.normal.bnet,OK,1.77,480744,0
101.normal.bnet,OK,2.51,440660,0
104.normal.bnet,OK,1.29,415452,0
105.normal.bnet,OK,1.90,425132,0
107.normal.bnet,OK,1.39,419412,0
106.normal.bnet,OK,1.73,449268,0
108.normal.bnet,OK,1.37,419268,0
109.normal.bnet,OK,1.13,407240,0
110.normal.bnet,OK,0.89,411276,0
111.normal.bnet,OK,1.70,409360,0
115.normal.bnet,OK,1.83,409668,0
087.normal.bnet,OK,20.03,3511508,0
112.normal.bnet,OK,5.91,2311516,0
117.normal.bnet,OK,2.16,418608,0
119.normal.bnet,OK,2.31,411436,0
079.normal.bnet,OK,62.41,7073020,0
121.normal.bnet,OK,3.58,446276,0
120.normal.bnet,ERROR,81.98,19696120,0
123.normal.bnet,OK,3.81,415852,0
114.normal.bnet,ERROR,117.97,20150176,0
125.normal.bnet,OK,5.06,432924,0
126.normal.bnet,OK,2.90,424900,0
127.normal.bnet,OK,4.06,427516,0
118.normal.bnet,ERROR,139.48,18941156,0
129.normal.bnet,OK,3.25,409580,0
122.normal.bnet,ERROR,121.57,21835284,0
131.normal.bnet,OK,2.15,411472,0
132.normal.bnet,OK,5.72,467988,0
133.normal.bnet,OK,1.96,402640,0
134.normal.bnet,OK,2.90,432192,0
130.normal.bnet,OK,39.70,8709516,0
135.normal.bnet,OK,2.52,415224,0
136.normal.bnet,OK,2.42,423748,0
137.normal.bnet,OK,2.95,429240,0
138.normal.bnet,OK,2.57,422776,0
139.normal.bnet,OK,2.17,410528,0
140.normal.bnet,OK,3.95,434312,0
141.normal.bnet,OK,3.22,432496,0
142.normal.bnet,OK,2.97,427216,0
113.normal.bnet,ERROR,230.69,25234228,0
145.normal.bnet,OK,3.97,445140,0
146.normal.bnet,OK,15.32,3983836,0
147.normal.bnet,OK,2.86,424780,0
148.normal.bnet,OK,4.06,451332,0
149.normal.bnet,OK,2.83,422688,0
150.normal.bnet,OK,3.11,426584,0
151.normal.bnet,OK,7.38,675056,0
152.normal.bnet,OK,7.60,1249708,0
153.normal.bnet,OK,2.55,424120,0
154.normal.bnet,OK,2.56,411296,0
116.normal.bnet,ERROR,292.97,27932148,0
156.normal.bnet,OK,3.72,437092,0
004.normal.bnet,ERROR,405.24,30304308,0
158.normal.bnet,OK,2.46,418896,0
159.normal.bnet,OK,12.52,2936508,0
160.normal.bnet,OK,5.08,511780,0
161.normal.bnet,OK,5.01,474496,0
162.normal.bnet,OK,2.17,421272,0
163.normal.bnet,OK,3.00,431492,0
164.normal.bnet,OK,2.76,426220,0
165.normal.bnet,OK,2.16,407700,0
166.normal.bnet,OK,2.49,414760,0
167.normal.bnet,OK,5.34,491672,0
168.normal.bnet,OK,2.41,420904,0
169.normal.bnet,OK,2.36,410084,0
170.normal.bnet,OK,2.16,410172,0
171.normal.bnet,OK,2.44,413116,0
172.normal.bnet,OK,1.80,403600,0
124.normal.bnet,ERROR,334.97,32872616,0
173.normal.bnet,OK,3.75,425836,0
174.normal.bnet,OK,2.73,422472,0
175.normal.bnet,OK,3.03,430892,0
176.normal.bnet,OK,3.36,463396,0
177.normal.bnet,OK,3.20,447976,0
178.normal.bnet,OK,3.07,425008,0
179.normal.bnet,OK,3.92,483844,0
180.normal.bnet,OK,2.45,415396,0
181.normal.bnet,OK,2.90,441020,0
182.normal.bnet,OK,2.67,443412,0
183.normal.bnet,OK,3.02,433836,0
184.normal.bnet,OK,1.96,407596,0
185.normal.bnet,OK,2.40,415720,0
186.normal.bnet,OK,2.12,420080,0
187.normal.bnet,OK,2.21,425740,0
188.normal.bnet,OK,3.08,437348,0
189.normal.bnet,OK,1.96,407360,0
190.normal.bnet,OK,3.21,425852,0
191.normal.bnet,OK,2.55,414924,0
193.normal.bnet,OK,3.16,445148,0
192.normal.bnet,OK,5.14,496888,0
194.normal.bnet,OK,9.16,1546076,0
196.normal.bnet,OK,4.68,547052,0
197.normal.bnet,OK,5.50,669260,0
155.normal.bnet,OK,203.38,13976920,0
198.normal.bnet,OK,2.18,415904,0
199.normal.bnet,OK,2.70,419052,0
200.normal.bnet,OK,2.51,421532,0
201.normal.bnet,OK,3.04,419168,0
202.normal.bnet,OK,2.34,417168,0
203.normal.bnet,OK,3.50,472144,0
204.normal.bnet,OK,4.01,460648,0
205.normal.bnet,OK,3.15,424684,0
206.normal.bnet,OK,2.59,417196,0
208.normal.bnet,OK,2.43,407660,0
207.normal.bnet,OK,4.27,457780,0
209.normal.bnet,OK,4.64,456896,0
210.normal.bnet,OK,4.83,477936,0
212.normal.bnet,OK,2.08,411120,0
211.normal.bnet,OK,6.42,485916,0
213.normal.bnet,OK,2.85,418248,0
157.normal.bnet,ERROR,229.58,34213948,0
214.normal.bnet,OK,3.26,422436,0
215.normal.bnet,OK,2.70,400480,0
216.normal.bnet,OK,2.38,438620,0
218.normal.bnet,OK,17.53,3976304,0
217.normal.bnet,OK,32.44,8287388,0
144.normal.bnet,ERROR,376.21,31895640,0
195.normal.bnet,ERROR,137.69,33687164,0
223.normal.bnet,OK,16.47,2973548,0
224.normal.bnet,OK,4.37,471564,0
225.normal.bnet,OK,4.82,465784,0
226.normal.bnet,OK,3.76,457000,0
219.normal.bnet,ERROR,110.97,30848376,0
228.normal.bnet,OK,3.30,442028,0
227.normal.bnet,OK,7.94,920596,0
222.normal.bnet,OK,72.27,11972880,0
229.normal.bnet,OK,3.46,423504,0
230.normal.bnet,OK,1.91,439144,0
231.normal.bnet,OK,2.43,543100,0
232.normal.bnet,OK,2.49,631868,0
233.normal.bnet,OK,2.20,525904,0
234.normal.bnet,OK,2.35,591332,0
235.normal.bnet,OK,2.30,544056,0
236.normal.bnet,OK,2.20,542132,0
237.normal.bnet,OK,1.53,426080,0
238.normal.bnet,OK,2.02,436488,0
221.normal.bnet,ERROR,137.14,38208304,0
050.normal.bnet,ERROR,784.45,23523224,0
239.normal.bnet,ERROR,125.52,31655944,0
244.normal.bnet,OK,4.33,457180,0
245.normal.bnet,OK,2.38,412104,0
A-1-BA_120_30_3.apx.graph.normal.bnet,OK,5.51,461768,0
A-1-BA_180_10_2.apx.graph.normal.bnet,OK,14.16,3805916,0
A-1-BA_200_10_5.apx.graph.normal.bnet,OK,7.45,541688,0
A-1-BA_40_80_5.apx.graph.normal.bnet,OK,4.27,478332,0
A-1-BA_60_70_3.apx.graph.normal.bnet,OK,4.43,443040,0
240.normal.bnet,ERROR,172.96,36080332,0
A-1-ER_100_100_1.apx.graph.normal.bnet,OK,1.56,390800,0
A-1-admbuster_1000.apx.graph.normal.bnet,OK,25.24,937196,0
A-1-afinput_exp_acyclic_indvary1_step5_batch_yyy04.apx.graph.normal.bnet,OK,4.00,488444,0
A-1-afinput_exp_acyclic_indvary1_step5_batch_yyy09.apx.graph.normal.bnet,OK,21.95,3783500,0
A-1-afinput_exp_acyclic_indvary3_step1_batch_yyy10.apx.graph.normal.bnet,OK,3.38,446124,0
A-1-brookings-or-us.gml.50.apx.graph.normal.bnet,OK,2.23,409464,0
A-1-caravan-or-us.gml.80.apx.graph.normal.bnet,OK,2.51,416136,0
220.normal.bnet,ERROR,359.37,38415008,0
A-1-ferry2.pfile-L2-C1-05.pddl.3.cnf.apx.graph.normal.bnet,OK,7.67,503160,0
A-1-ferry2.pfile-L2-C1-08.pddl.1.cnf.apx.graph.normal.bnet,OK,3.98,459492,0
A-1-ferry2.pfile-L3-C1-04.pddl.2.cnf.apx.graph.normal.bnet,OK,8.36,575008,0
A-1-grd_418_2_9.apx.graph.normal.bnet,OK,14.19,973852,0
A-1-rockland-county-department-of-public-transportation_20121220_2018.gml.20.apx.graph.normal.bnet,OK,2.47,409656,0
A-1-stb_190_70.apx.graph.normal.bnet,OK,9.31,915136,0
242.normal.bnet,ERROR,252.78,33885500,0
A-1-stb_389_42.apx.graph.normal.bnet,OK,12.48,902172,0
A-1-stb_437_137.apx.graph.normal.bnet,OK,13.39,784456,0
A-2-BA_180_20_1.apx.graph.normal.bnet,OK,5.77,451548,0
A-1-stb_291_2.apx.graph.normal.bnet,OK,46.91,4369392,0
A-2-BA_200_30_2.apx.graph.normal.bnet,OK,13.89,3801208,0
A-2-WS_300_16_70_30.apx.graph.normal.bnet,OK,23.82,3833108,0
A-2-afinput_exp_acyclic_depvary_step6_batch_yyy05.apx.graph.normal.bnet,OK,1.10,390508,0
A-2-afinput_exp_cycles_depvary_step4_batch_yyy01.apx.graph.normal.bnet,OK,1.46,389736,0
A-2-afinput_exp_cycles_depvary_step4_batch_yyy03.apx.graph.normal.bnet,OK,1.26,390956,0
A-2-afinput_exp_cycles_indvary1_step1_batch_yyy04.apx.graph.normal.bnet,OK,1.06,390612,0
A-2-WS_300_16_90_30.apx.graph.normal.bnet,OK,18.93,3836756,0
A-2-afinput_exp_cycles_indvary3_step1_batch_yyy04.apx.graph.normal.bnet,OK,1.07,391160,0
A-1-afinput_exp_acyclic_depvary_step3_batch_yyy01.apx.graph.normal.bnet,ERROR,208.08,40790068,0
A-1-grd_489_5_8.apx.graph.normal.bnet,OK,130.77,9834940,0
A-3-afinput_exp_acyclic_depvary_step5_batch_yyy01.apx.graph.normal.bnet,OK,1.11,391068,0
A-2-stb_428_430.apx.graph.normal.bnet,OK,25.71,3874396,0
A-3-afinput_exp_acyclic_depvary_step6_batch_yyy04.apx.graph.normal.bnet,OK,0.79,390536,0
A-3-afinput_exp_acyclic_indvary2_step2_batch_yyy10.apx.graph.normal.bnet,OK,1.21,392928,0
A-3-afinput_exp_cycles_depvary_step4_batch_yyy05.apx.graph.normal.bnet,OK,0.89,393052,0
A-3-afinput_exp_cycles_indvary1_step1_batch_yyy02.apx.graph.normal.bnet,OK,0.88,390844,0
A-3-afinput_exp_cycles_indvary1_step1_batch_yyy03.apx.graph.normal.bnet,OK,0.72,391216,0
A-3-afinput_exp_cycles_indvary1_step1_batch_yyy09.apx.graph.normal.bnet,OK,0.86,391004,0
A-3-afinput_exp_cycles_indvary1_step2_batch_yyy01.apx.graph.normal.bnet,OK,0.73,391420,0
A-3-afinput_exp_cycles_indvary1_step3_batch_yyy02.apx.graph.normal.bnet,OK,0.61,390928,0
A-3-afinput_exp_cycles_indvary2_step1_batch_yyy03.apx.graph.normal.bnet,OK,0.64,392568,0
A-3-afinput_exp_cycles_indvary2_step1_batch_yyy04.apx.graph.normal.bnet,OK,0.90,392912,0
A-2-stb_547_485.apx.graph.normal.bnet,OK,12.29,1889432,0
A-3-afinput_exp_cycles_indvary2_step1_batch_yyy10.apx.graph.normal.bnet,OK,0.81,392628,0
A-4-afinput_exp_acyclic_depvary_step8_batch_yyy09.apx.graph.normal.bnet,OK,0.67,390596,0
B-1-BA_100_20_1.apx.graph.normal.bnet,OK,2.55,611536,0
B-1-BA_120_20_2.apx.graph.normal.bnet,OK,2.58,548432,0
B-1-BA_40_30_3.apx.graph.normal.bnet,OK,1.71,494120,0
B-1-BA_40_60_2.apx.graph.normal.bnet,OK,1.85,430348,0
B-1-BA_40_80_4.apx.graph.normal.bnet,OK,2.04,427692,0
B-1-afinput_exp_acyclic_depvary_step5_batch_yyy08.apx.graph.normal.bnet,OK,0.64,390488,0
B-1-afinput_exp_acyclic_indvary1_step3_batch_yyy06.apx.graph.normal.bnet,OK,0.72,390596,0
B-1-afinput_exp_cycles_indvary1_step8_batch_yyy08.apx.graph.normal.bnet,OK,3.50,665564,0
B-1-ferry2.pfile-L2-C1-02.pddl.2.cnf.apx.graph.normal.bnet,OK,3.03,635520,0
B-1-grd_156_3_6.apx.graph.normal.bnet,OK,3.64,600556,0
B-1-ferry2.pfile-L2-C2-06.pddl.2.cnf.apx.graph.normal.bnet,OK,4.25,629468,0
B-1-admbuster_1000.apx.graph.normal.bnet,OK,11.69,1174896,0
B-1-massachusetts-archiver_20090912_0208.gml.50.apx.graph.normal.bnet,OK,1.85,419016,0
B-1-stb_199_128.apx.graph.normal.bnet,OK,6.04,590864,0
B-1-university-of-pretoria_20150805_1406.normalized.gml.80.apx.graph.normal.bnet,OK,1.26,434188,0
B-2-BA_140_30_5.apx.graph.normal.bnet,OK,4.86,512844,0
B-1-stb_138_162.apx.graph.normal.bnet,OK,16.55,3798216,0
A-2-stb_422_250.apx.graph.normal.bnet,OK,68.55,5348856,0
B-2-afinput_exp_acyclic_depvary_step8_batch_yyy09.apx.graph.normal.bnet,OK,1.14,392528,0
B-2-afinput_exp_acyclic_indvary2_step2_batch_yyy10.apx.graph.normal.bnet,OK,1.24,388808,0
B-1-stb_161_74.apx.graph.normal.bnet,OK,19.75,3803400,0
B-2-afinput_exp_cycles_indvary2_step1_batch_yyy01.apx.graph.normal.bnet,OK,0.85,390608,0
B-2-afinput_exp_cycles_indvary2_step1_batch_yyy10.apx.graph.normal.bnet,OK,0.87,390132,0
B-2-comune-di-castellanza_20151218_2338.gml.80.apx.graph.normal.bnet,OK,1.99,435468,0
B-2-WS_200_20_90_50.apx.graph.normal.bnet,OK,19.54,3819216,0
B-2-stb_287_202.apx.graph.normal.bnet,OK,27.22,3850480,0
B-2-stb_330_291.apx.graph.normal.bnet,OK,28.71,3867220,0
B-2-stb_410_118.apx.graph.normal.bnet,OK,22.16,3858120,0
B-2-stb_625_161.apx.graph.normal.bnet,OK,12.77,1220540,0
B-3-WS_300_16_70_30.apx.graph.normal.bnet,OK,13.73,3860008,0
B-3-WS_300_16_90_30.apx.graph.normal.bnet,OK,13.94,3853000,0
B-3-stb_327_100.apx.graph.normal.bnet,OK,29.24,3913092,0
B-2-stb_291_2.apx.graph.normal.bnet,OK,77.59,8152288,0
B-3-stb_390_450.apx.graph.normal.bnet,OK,19.97,3857896,0
B-3-stb_430_209.apx.graph.normal.bnet,OK,15.37,1763656,0
B-3-stb_428_430.apx.graph.normal.bnet,OK,29.87,3895812,0
B-3-stb_380_405.apx.graph.normal.bnet,OK,71.91,6847484,0
B-3-stb_522_11.apx.graph.normal.bnet,OK,17.09,2675000,0
B-3-stb_590_330.apx.graph.normal.bnet,OK,18.25,3012132,0
B-3-stb_696_368.apx.graph.normal.bnet,OK,18.31,1219232,0
B-3-stb_457_193.apx.graph.normal.bnet,OK,51.95,4451260,0
B-3-stb_696_412.apx.graph.normal.bnet,OK,15.52,1469096,0
B-3-stb_763_492.apx.graph.normal.bnet,OK,17.63,1995332,0
C-1-BA_120_20_5.apx.graph.normal.bnet,OK,2.99,524092,0
C-1-BA_60_60_2.apx.graph.normal.bnet,OK,1.66,488340,0
B-3-stb_767_429.apx.graph.normal.bnet,OK,10.63,1417212,0
B-4-stb_547_485.apx.graph.normal.bnet,OK,10.07,1911096,0
C-1-BA_80_20_4.apx.graph.normal.bnet,OK,1.69,511504,0
C-1-ER_100_100_3.apx.graph.normal.bnet,OK,0.63,392724,0
B-3-stb_339_393.apx.graph.normal.bnet,OK,130.24,14917980,0
C-1-afinput_exp_acyclic_indvary1_step5_batch_yyy07.apx.graph.normal.bnet,OK,2.14,412200,0
C-1-admbuster_1000.apx.graph.normal.bnet,OK,20.54,895052,0
C-1-bluestar-or-us.gml.20.apx.graph.normal.bnet,OK,2.21,415516,0
C-1-calaveras-transit_20151216_1707.gml.50.apx.graph.normal.bnet,OK,2.72,413340,0
C-1-afinput_exp_cycles_indvary1_step6_batch_yyy02.apx.graph.normal.bnet,OK,36.54,4056540,0
243.normal.bnet,ERROR,563.67,63310720,0
C-1-afinput_exp_acyclic_indvary1_step1_batch_yyy08.apx.graph.normal.bnet,OK,53.01,21348756,0
C-1-WS_200_28_70_10.apx.graph.normal.bnet,OK,54.22,4506316,0
C-1-stb_234_487.apx.graph.normal.bnet,OK,9.29,959060,0
C-2-afinput_exp_cycles_depvary_step3_batch_yyy08.apx.graph.normal.bnet,OK,0.91,389300,0
C-2-afinput_exp_acyclic_depvary_step6_batch_yyy05.apx.graph.normal.bnet,OK,1.11,390444,0
C-2-afinput_exp_cycles_depvary_step4_batch_yyy05.apx.graph.normal.bnet,OK,0.83,390608,0
C-2-afinput_exp_cycles_indvary2_step1_batch_yyy01.apx.graph.normal.bnet,OK,0.87,390288,0
Medium-result-b1.apx.graph.normal.bnet,OK,0.95,391260,0
C-1-stb_373_251.apx.graph.normal.bnet,OK,10.15,2218788,0
Medium-result-b16.apx.graph.normal.bnet,OK,0.84,390908,0
128.normal.bnet,TIMEOUT,1200.01,454640,124
Medium-result-b17.apx.graph.normal.bnet,OK,0.78,391316,0
Medium-result-b2.apx.graph.normal.bnet,OK,0.80,389072,0
Medium-result-b23.apx.graph.normal.bnet,OK,0.93,391324,0
C-1-stb_463_93.apx.graph.normal.bnet,OK,7.35,988068,0
Medium-result-b24.apx.graph.normal.bnet,OK,0.63,390344,0
Medium-result-b25.apx.graph.normal.bnet,OK,0.72,390812,0
Small-result-b10.apx.graph.normal.bnet,OK,1.01,407752,0
Small-result-b103.apx.graph.normal.bnet,OK,1.20,390672,0
C-2-stb_304_352.apx.graph.normal.bnet,OK,18.11,3846412,0
Small-result-b105.apx.graph.normal.bnet,OK,1.32,390552,0
C-1-grd_489_5_8.apx.graph.normal.bnet,OK,93.07,6273832,0
143.normal.bnet,TIMEOUT,1200.02,481884,124
Small-result-b106.apx.graph.normal.bnet,ERROR,69.71,27456324,0
Small-result-b11.apx.graph.normal.bnet,OK,3.23,417924,0
Small-result-b12.apx.graph.normal.bnet,OK,4.06,472460,0
Small-result-b13.apx.graph.normal.bnet,OK,2.23,403436,0
Small-result-b14.apx.graph.normal.bnet,OK,2.70,420400,0
Small-result-b15.apx.graph.normal.bnet,OK,5.13,507252,0
Small-result-b16.apx.graph.normal.bnet,OK,2.43,404040,0
Small-result-b17.apx.graph.normal.bnet,OK,3.09,415600,0
Small-result-b18.apx.graph.normal.bnet,OK,4.93,510420,0
Small-result-b19.apx.graph.normal.bnet,OK,2.38,409892,0
Small-result-b2.apx.graph.normal.bnet,OK,1.80,403272,0
Small-result-b20.apx.graph.normal.bnet,OK,2.83,435372,0
Small-result-b21.apx.graph.normal.bnet,OK,3.37,428928,0
Small-result-b104.apx.graph.normal.bnet,ERROR,132.59,40778784,0
Small-result-b22.apx.graph.normal.bnet,OK,5.67,549256,0
Small-result-b23.apx.graph.normal.bnet,OK,4.92,607904,0
Small-result-b24.apx.graph.normal.bnet,OK,42.38,4584904,0
Small-result-b26.apx.graph.normal.bnet,OK,1.55,390464,0
Small-result-b27.apx.graph.normal.bnet,OK,1.62,392664,0
Small-result-b28.apx.graph.normal.bnet,OK,1.57,389144,0
Small-result-b25.apx.graph.normal.bnet,OK,49.88,3957564,0
Small-result-b29.apx.graph.normal.bnet,OK,2.26,417652,0
Small-result-b3.apx.graph.normal.bnet,OK,2.39,406584,0
Small-result-b30.apx.graph.normal.bnet,OK,2.83,414200,0
Small-result-b31.apx.graph.normal.bnet,OK,2.46,422392,0
Small-result-b33.apx.graph.normal.bnet,OK,2.38,409008,0
Small-result-b34.apx.graph.normal.bnet,OK,2.25,401028,0
Small-result-b101.apx.graph.normal.bnet,ERROR,203.44,31802972,0
Small-result-b35.apx.graph.normal.bnet,OK,2.86,261260,0
Small-result-b36.apx.graph.normal.bnet,OK,2.38,279724,0
Small-result-b38.apx.graph.normal.bnet,OK,1.91,416704,0
Small-result-b37.apx.graph.normal.bnet,OK,2.37,431364,0
Small-result-b39.apx.graph.normal.bnet,OK,2.34,424036,0
Small-result-b4.apx.graph.normal.bnet,OK,2.16,430524,0
Small-result-b40.apx.graph.normal.bnet,OK,2.06,426912,0
Small-result-b41.apx.graph.normal.bnet,OK,1.25,404156,0
Small-result-b42.apx.graph.normal.bnet,OK,1.67,410668,0
Small-result-b43.apx.graph.normal.bnet,OK,2.06,411408,0
Small-result-b44.apx.graph.normal.bnet,OK,3.11,444008,0
Small-result-b45.apx.graph.normal.bnet,OK,3.00,438884,0
Small-result-b46.apx.graph.normal.bnet,OK,2.92,439000,0
Small-result-b47.apx.graph.normal.bnet,OK,2.51,443484,0
Small-result-b48.apx.graph.normal.bnet,OK,2.79,434064,0
Small-result-b5.apx.graph.normal.bnet,OK,5.32,657320,0
Small-result-b49.apx.graph.normal.bnet,OK,10.75,3083608,0
Small-result-b50.apx.graph.normal.bnet,OK,11.45,3753652,0
Small-result-b100.apx.graph.normal.bnet,ERROR,246.81,30440860,0
Small-result-b51.apx.graph.normal.bnet,OK,30.26,3817736,0
Small-result-b52.apx.graph.normal.bnet,OK,27.00,3820864,0
Small-result-b53.apx.graph.normal.bnet,OK,29.36,3818224,0
Small-result-b54.apx.graph.normal.bnet,OK,15.07,3770800,0
Small-result-b57.apx.graph.normal.bnet,OK,1.19,407656,0
Small-result-b58.apx.graph.normal.bnet,OK,1.60,403848,0
Small-result-b55.apx.graph.normal.bnet,OK,17.19,3779260,0
Small-result-b60.apx.graph.normal.bnet,OK,5.45,808452,0
Small-result-b61.apx.graph.normal.bnet,OK,8.39,1418960,0
Small-result-b56.apx.graph.normal.bnet,OK,32.03,3822568,0
Small-result-b62.apx.graph.normal.bnet,OK,5.18,684224,0
Small-result-b63.apx.graph.normal.bnet,OK,12.74,3767092,0
Small-result-b64.apx.graph.normal.bnet,OK,7.80,1498160,0
Small-result-b65.apx.graph.normal.bnet,OK,1.08,390484,0
Small-result-b67.apx.graph.normal.bnet,OK,4.41,610184,0
Small-result-b6.apx.graph.normal.bnet,OK,48.47,4842408,0
Small-result-b68.apx.graph.normal.bnet,OK,4.32,528904,0
Small-result-b69.apx.graph.normal.bnet,OK,4.36,592996,0
Small-result-b70.apx.graph.normal.bnet,OK,4.47,529392,0
Small-result-b72.apx.graph.normal.bnet,OK,3.45,525040,0
Small-result-b71.apx.graph.normal.bnet,OK,4.11,500716,0
Small-result-b74.apx.graph.normal.bnet,OK,16.65,3797956,0
Small-result-b102.apx.graph.normal.bnet,ERROR,377.52,32045776,0
Small-result-b73.apx.graph.normal.bnet,OK,62.16,3893632,0
Small-result-b76.apx.graph.normal.bnet,OK,8.50,2197324,0
Small-result-b77.apx.graph.normal.bnet,OK,3.38,482576,0
Small-result-b78.apx.graph.normal.bnet,OK,5.01,757852,0
Small-result-b75.apx.graph.normal.bnet,OK,50.65,3842412,0
Small-result-b8.apx.graph.normal.bnet,OK,1.41,406264,0
Small-result-b79.apx.graph.normal.bnet,OK,3.86,714428,0
Small-result-b80.apx.graph.normal.bnet,OK,2.86,485232,0
Small-result-b81.apx.graph.normal.bnet,OK,2.44,448724,0
Small-result-b83.apx.graph.normal.bnet,OK,1.59,411072,0
Small-result-b82.apx.graph.normal.bnet,OK,2.76,464284,0
Small-result-b84.apx.graph.normal.bnet,OK,1.44,407304,0
Small-result-b85.apx.graph.normal.bnet,OK,2.67,433324,0
Small-result-b86.apx.graph.normal.bnet,OK,2.39,428184,0
Small-result-b87.apx.graph.normal.bnet,OK,1.97,451592,0
Small-result-b89.apx.graph.normal.bnet,OK,1.28,391004,0
Small-result-b9.apx.graph.normal.bnet,OK,2.05,426904,0
Small-result-b59.apx.graph.normal.bnet,ERROR,220.13,23544508,0
Small-result-b92.apx.graph.normal.bnet,OK,1.75,394396,0
Small-result-b107.apx.graph.normal.bnet,ERROR,468.64,34934968,0
241.normal.bnet,TIMEOUT,1200.01,562820,124
Small-result-b95.apx.graph.normal.bnet,OK,1.54,390680,0
Small-result-b91.apx.graph.normal.bnet,ERROR,204.42,19920612,0
Small-result-b88.apx.graph.normal.bnet,ERROR,265.16,24616696,0
Small-result-b108.apx.graph.normal.bnet,ERROR,679.61,19819524,0
Small-result-b94.apx.graph.normal.bnet,ERROR,284.41,18925764,0
T-1-BA_100_10_3.apx.graph.normal.bnet,OK,5.31,442584,0
T-1-BA_100_10_5.apx.graph.normal.bnet,OK,5.06,475928,0
T-1-BA_20_60_3.apx.graph.normal.bnet,OK,2.63,419988,0
T-1-BA_40_50_2.apx.graph.normal.bnet,OK,3.38,430556,0
T-1-BA_80_30_3.apx.graph.normal.bnet,OK,4.04,448004,0
T-1-ER_100_30_5.apx.graph.normal.bnet,OK,57.45,4146100,0
T-1-admbuster_1000.apx.graph.normal.bnet,OK,26.06,822968,0
T-1-afinput_exp_acyclic_indvary1_step3_batch_yyy03.apx.graph.normal.bnet,OK,1.53,389804,0
Small-result-b96.apx.graph.normal.bnet,ERROR,404.77,19333820,0
T-1-afinput_exp_acyclic_indvary1_step5_batch_yyy10.apx.graph.normal.bnet,OK,6.22,595008,0
T-1-caravan-airport-transportation_20151216_1604.gml.20.apx.graph.normal.bnet,OK,2.63,413852,0
T-1-cascadespoint-or-us.gml.20.apx.graph.normal.bnet,OK,2.12,406244,0
T-1-ferry2.pfile-L2-C4-06.pddl.2.cnf.apx.graph.normal.bnet,OK,17.24,742328,0
T-1-ferry2.pfile-L2-C4-07.pddl.2.cnf.apx.graph.normal.bnet,OK,18.64,1272748,0
Small-result-b93.apx.graph.normal.bnet,ERROR,505.28,16458484,0
T-1-ferry2.pfile-L3-C1-04.pddl.2.cnf.apx.graph.normal.bnet,OK,8.16,575524,0
T-1-grd_156_3_6.apx.graph.normal.bnet,OK,6.32,529692,0
T-1-afinput_exp_acyclic_indvary1_step3_batch_yyy10.apx.graph.normal.bnet,ERROR,76.83,22261440,0
T-1-stb_127_253.apx.graph.normal.bnet,OK,8.47,879248,0
T-1-stb_192_170.apx.graph.normal.bnet,OK,14.55,2800152,0
T-1-stb_280_229.apx.graph.normal.bnet,OK,9.47,770560,0
T-2-afinput_exp_acyclic_depvary_step5_batch_yyy03.apx.graph.normal.bnet,OK,1.16,390212,0
T-2-afinput_exp_cycles_depvary_step4_batch_yyy02.apx.graph.normal.bnet,OK,1.14,390224,0
T-2-afinput_exp_cycles_depvary_step4_batch_yyy03.apx.graph.normal.bnet,OK,1.47,392916,0
T-2-afinput_exp_cycles_indvary1_step1_batch_yyy07.apx.graph.normal.bnet,OK,1.16,390960,0
T-2-afinput_exp_cycles_indvary3_step1_batch_yyy04.apx.graph.normal.bnet,OK,1.03,392740,0
Small-result-b98.apx.graph.normal.bnet,ERROR,377.67,24886084,0
T-2-ferry2.pfile-L3-C3-03.pddl.2.cnf.apx.graph.normal.bnet,OK,31.33,3953200,0
T-3-afinput_exp_acyclic_depvary_step6_batch_yyy04.apx.graph.normal.bnet,OK,1.23,392712,0
T-3-afinput_exp_acyclic_indvary1_step2_batch_yyy09.apx.graph.normal.bnet,OK,1.49,390268,0
T-3-afinput_exp_cycles_depvary_step3_batch_yyy08.apx.graph.normal.bnet,OK,1.18,393140,0
T-3-afinput_exp_cycles_depvary_step4_batch_yyy04.apx.graph.normal.bnet,OK,1.30,392960,0
T-3-afinput_exp_cycles_depvary_step4_batch_yyy05.apx.graph.normal.bnet,OK,1.34,390368,0
T-3-afinput_exp_cycles_indvary1_step1_batch_yyy02.apx.graph.normal.bnet,OK,1.50,390568,0
T-3-afinput_exp_cycles_indvary1_step1_batch_yyy03.apx.graph.normal.bnet,OK,1.23,390584,0
T-3-afinput_exp_cycles_indvary1_step2_batch_yyy01.apx.graph.normal.bnet,OK,1.39,390576,0
T-3-afinput_exp_cycles_indvary1_step3_batch_yyy02.apx.graph.normal.bnet,OK,1.60,390532,0
T-3-afinput_exp_cycles_indvary2_step1_batch_yyy03.apx.graph.normal.bnet,OK,1.28,390480,0
T-3-afinput_exp_cycles_indvary2_step1_batch_yyy04.apx.graph.normal.bnet,OK,1.61,392176,0
T-3-afinput_exp_cycles_indvary2_step1_batch_yyy10.apx.graph.normal.bnet,OK,1.53,390112,0
T-4-afinput_exp_acyclic_depvary_step8_batch_yyy09.apx.graph.normal.bnet,OK,1.17,391040,0
adfgen_acyc_a_02_s_02_b_02_t_02_x_02_c_sXOR_ABA2AF_afinput_exp_acyclic_depvary_step1_batch_yyy03_10_21.apx.normal.bnet,OK,2.13,410976,0
adfgen_acyc_a_02_s_02_b_02_t_02_x_02_c_sXOR_ABA2AF_afinput_exp_acyclic_depvary_step1_batch_yyy04_10_23.apx.normal.bnet,OK,2.06,407304,0
adfgen_acyc_a_02_s_02_b_02_t_02_x_02_c_sXOR_ABA2AF_afinput_exp_acyclic_depvary_step1_batch_yyy05_12_32.apx.normal.bnet,OK,2.02,406720,0
adfgen_acyc_a_02_s_02_b_02_t_02_x_02_c_sXOR_ABA2AF_afinput_exp_acyclic_depvary_step1_batch_yyy08_9_20.apx.normal.bnet,OK,1.97,423836,0
adfgen_acyc_a_02_s_02_b_02_t_02_x_02_c_sXOR_ABA2AF_afinput_exp_acyclic_depvary_step1_batch_yyy10_9_12.apx.normal.bnet,OK,2.07,405104,0
T-2-stb_265_466.apx.graph.normal.bnet,OK,76.14,4899524,0
adfgen_acyc_a_02_s_02_b_02_t_02_x_02_c_sXOR_ABA2AF_afinput_exp_acyclic_depvary_step2_batch_yyy01_17_49.apx.normal.bnet,OK,2.19,410104,0
adfgen_acyc_a_02_s_02_b_02_t_02_x_02_c_sXOR_ABA2AF_afinput_exp_acyclic_depvary_step2_batch_yyy07_20_71.apx.normal.bnet,OK,2.02,414972,0
adfgen_acyc_a_02_s_02_b_02_t_02_x_02_c_sXOR_ABA2AF_afinput_exp_acyclic_depvary_step2_batch_yyy08_23_147.apx.normal.bnet,OK,2.81,427796,0
T-2-stb_339_81.apx.graph.normal.bnet,OK,55.41,4050804,0
adfgen_acyc_a_02_s_02_b_02_t_02_x_02_c_sXOR_ABA2AF_afinput_exp_acyclic_depvary_step2_batch_yyy10_19_119.apx.normal.bnet,OK,2.33,422812,0
adfgen_acyc_a_02_s_02_b_02_t_02_x_02_c_sXOR_ABA2AF_afinput_exp_acyclic_depvary_step3_batch_yyy06_42_655.apx.normal.bnet,OK,6.32,829320,0
adfgen_acyc_a_02_s_02_b_02_t_02_x_02_c_sXOR_ABA2AF_afinput_exp_acyclic_depvary_step3_batch_yyy07_43_1168.apx.normal.bnet,OK,8.26,1096468,0
adfgen_acyc_a_02_s_02_b_02_t_02_x_02_c_sXOR_ABA2AF_afinput_exp_acyclic_depvary_step3_batch_yyy10_57_2247.apx.normal.bnet,OK,14.55,3770880,0
adfgen_acyc_a_02_s_02_b_02_t_02_x_02_c_sXOR_ABA2AF_afinput_exp_acyclic_depvary_step4_batch_yyy04_69_2696.apx.normal.bnet,OK,16.79,3769300,0
adfgen_acyc_a_02_s_02_b_02_t_02_x_02_c_sXOR_ABA2AF_afinput_exp_acyclic_depvary_step4_batch_yyy10_43_637.apx.normal.bnet,OK,5.96,738784,0
adfgen_acyc_a_02_s_02_b_02_t_02_x_02_c_sXOR_ABA2AF_afinput_exp_acyclic_depvary_step5_batch_yyy06_29_57.apx.normal.bnet,OK,2.63,413560,0
adfgen_acyc_a_02_s_02_b_02_t_02_x_02_c_sXOR_ABA2AF_afinput_exp_acyclic_depvary_step4_batch_yyy08_83_4977.apx.normal.bnet,OK,32.03,3819860,0
adfgen_acyc_a_02_s_02_b_02_t_02_x_02_c_sXOR_ABA2AF_afinput_exp_acyclic_depvary_step4_batch_yyy05_133_13885.apx.normal.bnet,OK,74.82,6208504,0
adfgen_acyc_a_02_s_02_b_02_t_02_x_02_c_sXOR_ABA2AF_afinput_exp_acyclic_depvary_step6_batch_yyy08_120_8700.apx.normal.bnet,OK,59.90,4202344,0
adfgen_acyc_a_02_s_02_b_02_t_02_x_02_c_sXOR_ABA2AF_afinput_exp_acyclic_depvary_step5_batch_yyy07_130_12111.apx.normal.bnet,OK,86.25,8044092,0
adfgen_acyc_a_02_s_02_b_02_t_02_x_02_c_sXOR_ABA2AF_afinput_exp_acyclic_depvary_step7_batch_yyy04_50_543.apx.normal.bnet,OK,5.28,566620,0
adfgen_acyc_a_02_s_02_b_02_t_02_x_02_c_sXOR_ABA2AF_afinput_exp_acyclic_indvary1_step1_batch_yyy07_39_661.apx.normal.bnet,OK,6.21,711952,0
adfgen_acyc_a_02_s_02_b_02_t_02_x_02_c_sXOR_ABA2AF_afinput_exp_acyclic_depvary_step6_batch_yyy10_124_9640.apx.normal.bnet,OK,54.52,4339408,0
adfgen_acyc_a_02_s_02_b_02_t_02_x_02_c_sXOR_ABA2AF_afinput_exp_acyclic_indvary1_step1_batch_yyy08_39_869.apx.normal.bnet,OK,7.21,910348,0
adfgen_acyc_a_02_s_02_b_02_t_02_x_02_c_sXOR_ABA2AF_afinput_exp_acyclic_depvary_step7_batch_yyy02_120_7092.apx.normal.bnet,OK,50.77,4083416,0
adfgen_acyc_a_02_s_02_b_02_t_02_x_02_c_sXOR_ABA2AF_afinput_exp_acyclic_indvary1_step3_batch_yyy01_77_3320.apx.normal.bnet,OK,21.60,3766552,0
adfgen_acyc_a_02_s_02_b_02_t_02_x_02_c_sXOR_ABA2AF_afinput_exp_acyclic_indvary1_step3_batch_yyy07_32_242.apx.normal.bnet,OK,3.12,435744,0
adfgen_acyc_a_02_s_02_b_02_t_02_x_02_c_sXOR_ABA2AF_afinput_exp_acyclic_indvary1_step1_batch_yyy09_81_5112.apx.normal.bnet,OK,34.29,3803708,0
adfgen_acyc_a_02_s_02_b_02_t_02_x_02_c_sXOR_ABA2AF_afinput_exp_acyclic_indvary1_step4_batch_yyy01_26_109.apx.normal.bnet,OK,2.89,442976,0
T-1-stb_218_401.apx.graph.normal.bnet,ERROR,279.57,21804644,0
adfgen_acyc_a_02_s_02_b_02_t_02_x_02_c_sXOR_ABA2AF_afinput_exp_acyclic_indvary1_step4_batch_yyy07_32_270.apx.normal.bnet,OK,3.99,329048,0
adfgen_acyc_a_02_s_02_b_02_t_02_x_02_c_sXOR_ABA2AF_afinput_exp_acyclic_indvary1_step5_batch_yyy05_28_112.apx.normal.bnet,OK,2.30,421716,0
adfgen_acyc_a_02_s_02_b_02_t_02_x_02_c_sXOR_ABA2AF_afinput_exp_acyclic_indvary1_step3_batch_yyy06_74_3427.apx.normal.bnet,OK,20.99,3786032,0
adfgen_acyc_a_02_s_02_b_02_t_02_x_02_c_sXOR_ABA2AF_afinput_exp_acyclic_indvary1_step3_batch_yyy08_59_2319.apx.normal.bnet,OK,15.19,3742400,0
adfgen_acyc_a_02_s_02_b_02_t_02_x_02_c_sXOR_ABA2AF_afinput_exp_acyclic_indvary1_step6_batch_yyy03_25_55.apx.normal.bnet,OK,1.51,420924,0
adfgen_acyc_a_02_s_02_b_02_t_02_x_02_c_sXOR_ABA2AF_afinput_exp_acyclic_indvary1_step6_batch_yyy01_28_111.apx.normal.bnet,OK,1.96,421096,0
adfgen_acyc_a_02_s_02_b_02_t_02_x_02_c_sXOR_ABA2AF_afinput_exp_acyclic_indvary1_step6_batch_yyy06_34_135.apx.normal.bnet,OK,2.05,433088,0
adfgen_acyc_a_02_s_02_b_02_t_02_x_02_c_sXOR_ABA2AF_afinput_exp_acyclic_indvary1_step6_batch_yyy07_31_47.apx.normal.bnet,OK,1.59,426644,0
adfgen_acyc_a_02_s_02_b_02_t_02_x_02_c_sXOR_ABA2AF_afinput_exp_acyclic_indvary1_step6_batch_yyy08_35_52.apx.normal.bnet,OK,1.73,415904,0
adfgen_acyc_a_02_s_02_b_02_t_02_x_02_c_sXOR_ABA2AF_afinput_exp_acyclic_indvary1_step7_batch_yyy07_26_19.apx.normal.bnet,OK,1.67,408428,0
adfgen_acyc_a_02_s_02_b_02_t_02_x_02_c_sXOR_ABA2AF_afinput_exp_acyclic_indvary1_step7_batch_yyy08_25_40.apx.normal.bnet,OK,1.57,414032,0
adfgen_acyc_a_02_s_02_b_02_t_02_x_02_c_sXOR_ABA2AF_afinput_exp_acyclic_indvary1_step7_batch_yyy06_50_423.apx.normal.bnet,OK,3.23,517368,0
adfgen_acyc_a_02_s_02_b_02_t_02_x_02_c_sXOR_ABA2AF_afinput_exp_acyclic_indvary1_step8_batch_yyy02_34_80.apx.normal.bnet,OK,1.39,425324,0
adfgen_acyc_a_02_s_02_b_02_t_02_x_02_c_sXOR_ABA2AF_afinput_exp_acyclic_indvary1_step8_batch_yyy03_25_20.apx.normal.bnet,OK,1.23,411724,0
adfgen_acyc_a_02_s_02_b_02_t_02_x_02_c_sXOR_ABA2AF_afinput_exp_acyclic_indvary1_step8_batch_yyy04_23_34.apx.normal.bnet,OK,1.47,413736,0
adfgen_acyc_a_02_s_02_b_02_t_02_x_02_c_sXOR_ABA2AF_afinput_exp_acyclic_indvary1_step8_batch_yyy05_30_33.apx.normal.bnet,OK,1.42,411024,0
adfgen_acyc_a_02_s_02_b_02_t_02_x_02_c_sXOR_ABA2AF_afinput_exp_acyclic_indvary1_step8_batch_yyy10_37_163.apx.normal.bnet,OK,2.32,431108,0
adfgen_acyc_a_02_s_02_b_02_t_02_x_02_c_sXOR_ABA2AF_afinput_exp_acyclic_indvary2_step1_batch_yyy09_29_309.apx.normal.bnet,OK,2.57,468064,0
adfgen_acyc_a_02_s_02_b_02_t_02_x_02_c_sXOR_ABA2AF_afinput_exp_acyclic_indvary2_step1_batch_yyy02_51_886.apx.normal.bnet,OK,5.73,929064,0
adfgen_acyc_a_02_s_02_b_02_t_02_x_02_c_sXOR_ABA2AF_afinput_exp_acyclic_indvary3_step1_batch_yyy05_38_345.apx.normal.bnet,OK,3.27,480700,0
adfgen_acyc_a_02_s_02_b_02_t_02_x_02_c_sXOR_ABA2AF_afinput_exp_acyclic_indvary3_step1_batch_yyy03_43_614.apx.normal.bnet,OK,4.63,708548,0
adfgen_acyc_a_02_s_02_b_02_t_02_x_02_c_sXOR_ABA2AF_afinput_exp_acyclic_indvary3_step1_batch_yyy07_33_173.apx.normal.bnet,OK,2.03,430608,0
adfgen_acyc_a_02_s_02_b_02_t_02_x_02_c_sXOR_ABA2AF_afinput_exp_acyclic_indvary3_step2_batch_yyy06_25_26.apx.normal.bnet,OK,1.62,414748,0
adfgen_acyc_a_02_s_02_b_02_t_02_x_02_c_sXOR_ABA2AF_afinput_exp_acyclic_indvary3_step1_batch_yyy09_28_192.apx.normal.bnet,OK,2.36,446016,0
adfgen_acyc_a_02_s_02_b_02_t_02_x_02_c_sXOR_ABA2AF_afinput_exp_acyclic_indvary3_step2_batch_yyy02_37_293.apx.normal.bnet,OK,2.49,453812,0
adfgen_acyc_a_02_s_02_b_02_t_02_x_02_c_sXOR_ABA2AF_afinput_exp_acyclic_indvary3_step2_batch_yyy04_34_251.apx.normal.bnet,OK,2.52,460164,0
adfgen_acyc_a_02_s_02_b_02_t_02_x_02_c_sXOR_ABA2AF_afinput_exp_acyclic_indvary3_step2_batch_yyy07_24_49.apx.normal.bnet,OK,1.44,412324,0
adfgen_acyc_a_02_s_02_b_02_t_02_x_02_c_sXOR_ABA2AF_afinput_exp_acyclic_indvary3_step3_batch_yyy02_22_31.apx.normal.bnet,OK,1.38,424400,0
adfgen_acyc_a_02_s_02_b_02_t_02_x_02_c_sXOR_ABA2AF_afinput_exp_acyclic_indvary3_step3_batch_yyy05_19_23.apx.normal.bnet,OK,1.38,421876,0
adfgen_acyc_a_02_s_02_b_02_t_02_x_02_c_sXOR_ABA2AF_afinput_exp_acyclic_indvary3_step3_batch_yyy04_23_119.apx.normal.bnet,OK,1.71,421000,0
adfgen_acyc_a_02_s_02_b_02_t_02_x_02_c_sXOR_ABA2AF_afinput_exp_cycles_depvary_step1_batch_yyy01_13_63.apx.normal.bnet,OK,1.43,408780,0
adfgen_acyc_a_02_s_02_b_02_t_02_x_02_c_sXOR_ABA2AF_afinput_exp_cycles_depvary_step1_batch_yyy02_14_83.apx.normal.bnet,OK,1.73,411184,0
adfgen_acyc_a_02_s_02_b_02_t_02_x_02_c_sXOR_ABA2AF_afinput_exp_cycles_depvary_step1_batch_yyy04_10_22.apx.normal.bnet,OK,1.12,409384,0
adfgen_acyc_a_02_s_02_b_02_t_02_x_02_c_sXOR_ABA2AF_afinput_exp_cycles_depvary_step1_batch_yyy03_9_20.apx.normal.bnet,OK,1.37,407388,0
adfgen_acyc_a_02_s_02_b_02_t_02_x_02_c_sXOR_ABA2AF_afinput_exp_cycles_depvary_step1_batch_yyy06_10_27.apx.normal.bnet,OK,1.32,406220,0
adfgen_acyc_a_02_s_02_b_02_t_02_x_02_c_sXOR_ABA2AF_afinput_exp_cycles_depvary_step1_batch_yyy09_10_48.apx.normal.bnet,OK,1.48,408280,0
adfgen_acyc_a_02_s_02_b_02_t_02_x_02_c_sXOR_ABA2AF_afinput_exp_cycles_depvary_step1_batch_yyy10_8_13.apx.normal.bnet,OK,1.25,409396,0
adfgen_acyc_a_02_s_02_b_02_t_02_x_02_c_sXOR_ABA2AF_afinput_exp_cycles_depvary_step2_batch_yyy03_26_394.apx.normal.bnet,OK,2.73,463296,0
adfgen_acyc_a_02_s_02_b_02_t_02_x_02_c_sXOR_ABA2AF_afinput_exp_cycles_depvary_step2_batch_yyy06_27_308.apx.normal.bnet,OK,2.87,468796,0
adfgen_acyc_a_02_s_02_b_02_t_02_x_02_c_sXOR_ABA2AF_afinput_exp_cycles_depvary_step2_batch_yyy05_35_596.apx.normal.bnet,OK,3.84,594840,0
adfgen_acyc_a_02_s_02_b_02_t_02_x_02_c_sXOR_ABA2AF_afinput_exp_cycles_depvary_step2_batch_yyy09_23_151.apx.normal.bnet,OK,2.59,437792,0
adfgen_acyc_a_02_s_02_b_02_t_02_x_02_c_sXOR_ABA2AF_afinput_exp_cycles_depvary_step2_batch_yyy08_42_1081.apx.normal.bnet,OK,6.76,1180140,0
adfgen_acyc_a_02_s_02_b_02_t_02_x_02_c_sXOR_ABA2AF_afinput_exp_cycles_depvary_step2_batch_yyy10_42_992.apx.normal.bnet,OK,6.88,1063000,0
adfgen_acyc_a_02_s_02_b_02_t_02_x_02_c_sXOR_ABA2AF_afinput_exp_cycles_depvary_step2_batch_yyy02_76_5081.apx.normal.bnet,OK,26.16,3818992,0
adfgen_acyc_a_02_s_02_b_02_t_02_x_02_c_sXOR_ABA2AF_afinput_exp_cycles_indvary1_step1_batch_yyy10_76_4339.apx.normal.bnet,OK,24.15,3785776,0
adfgen_acyc_a_02_s_02_b_02_t_02_x_02_c_sXOR_ABA2AF_afinput_exp_cycles_indvary1_step4_batch_yyy01_67_2668.apx.normal.bnet,OK,18.17,3772016,0
Small-result-b66.apx.graph.normal.bnet,ERROR,1064.35,26369272,0
adfgen_acyc_a_02_s_02_b_02_t_02_x_02_c_sXOR_ABA2AF_afinput_exp_cycles_indvary1_step4_batch_yyy09_64_1772.apx.normal.bnet,OK,12.97,2586036,0
adfgen_acyc_a_02_s_02_b_02_t_02_x_02_c_sXOR_ABA2AF_afinput_exp_cycles_indvary1_step5_batch_yyy01_41_338.apx.normal.bnet,OK,4.21,459500,0
adfgen_acyc_a_02_s_02_b_02_t_02_x_02_c_sXOR_ABA2AF_afinput_exp_cycles_indvary1_step5_batch_yyy04_61_1113.apx.normal.bnet,OK,9.34,1518216,0
adfgen_acyc_a_02_s_02_b_02_t_02_x_02_c_sXOR_ABA2AF_afinput_exp_cycles_depvary_step6_batch_yyy02_137_12577.apx.normal.bnet,OK,84.47,6673504,0
adfgen_acyc_a_02_s_02_b_02_t_02_x_02_c_sXOR_ABA2AF_afinput_exp_cycles_indvary1_step1_batch_yyy08_118_11977.apx.normal.bnet,OK,81.71,5297092,0
adfgen_acyc_a_02_s_02_b_02_t_02_x_02_c_sXOR_ABA2AF_afinput_exp_cycles_indvary1_step6_batch_yyy01_31_112.apx.normal.bnet,OK,2.60,427680,0
adfgen_acyc_a_02_s_02_b_02_t_02_x_02_c_sXOR_ABA2AF_afinput_exp_cycles_indvary1_step5_batch_yyy05_64_1538.apx.normal.bnet,OK,8.84,1800080,0
adfgen_acyc_a_02_s_02_b_02_t_02_x_02_c_sXOR_ABA2AF_afinput_exp_cycles_indvary1_step4_batch_yyy07_108_8869.apx.normal.bnet,OK,52.99,4203740,0
adfgen_acyc_a_02_s_02_b_02_t_02_x_02_c_sXOR_ABA2AF_afinput_exp_cycles_indvary1_step6_batch_yyy09_27_61.apx.normal.bnet,OK,2.39,412736,0
adfgen_acyc_a_02_s_02_b_02_t_02_x_02_c_sXOR_ABA2AF_afinput_exp_cycles_indvary1_step6_batch_yyy06_42_666.apx.normal.bnet,OK,3.26,524560,0
adfgen_acyc_a_02_s_02_b_02_t_02_x_02_c_sXOR_ABA2AF_afinput_exp_cycles_indvary1_step7_batch_yyy02_31_117.apx.normal.bnet,OK,2.21,424768,0
adfgen_acyc_a_02_s_02_b_02_t_02_x_02_c_sXOR_ABA2AF_afinput_exp_cycles_indvary1_step7_batch_yyy06_27_116.apx.normal.bnet,OK,2.04,419680,0
adfgen_acyc_a_02_s_02_b_02_t_02_x_02_c_sXOR_ABA2AF_afinput_exp_cycles_indvary1_step7_batch_yyy07_29_81.apx.normal.bnet,OK,1.68,420384,0
adfgen_acyc_a_02_s_02_b_02_t_02_x_02_c_sXOR_ABA2AF_afinput_exp_cycles_indvary1_step7_batch_yyy10_33_64.apx.normal.bnet,OK,1.63,437496,0
adfgen_acyc_a_02_s_02_b_02_t_02_x_02_c_sXOR_ABA2AF_afinput_exp_cycles_indvary1_step5_batch_yyy08_70_2490.apx.normal.bnet,OK,10.46,3780120,0
adfgen_acyc_a_02_s_02_b_02_t_02_x_02_c_sXOR_ABA2AF_afinput_exp_cycles_indvary1_step8_batch_yyy05_31_90.apx.normal.bnet,OK,1.86,422424,0
adfgen_acyc_a_02_s_02_b_02_t_02_x_02_c_sXOR_ABA2AF_afinput_exp_cycles_indvary1_step8_batch_yyy03_37_126.apx.normal.bnet,OK,2.19,451008,0
adfgen_acyc_a_02_s_02_b_02_t_02_x_02_c_sXOR_ABA2AF_afinput_exp_cycles_indvary1_step8_batch_yyy06_30_157.apx.normal.bnet,OK,1.82,435656,0
adfgen_acyc_a_02_s_02_b_02_t_02_x_02_c_sXOR_ABA2AF_afinput_exp_cycles_indvary3_step2_batch_yyy03_40_203.apx.normal.bnet,OK,2.47,437232,0
adfgen_acyc_a_02_s_02_b_02_t_02_x_02_c_sXOR_ABA2AF_afinput_exp_cycles_indvary3_step1_batch_yyy08_37_258.apx.normal.bnet,OK,2.87,478100,0
adfgen_acyc_a_02_s_02_b_02_t_02_x_02_c_sXOR_ABA2AF_afinput_exp_cycles_indvary3_step2_batch_yyy04_37_359.apx.normal.bnet,OK,2.71,458184,0
adfgen_acyc_a_02_s_02_b_02_t_02_x_02_c_sXOR_ABA2AF_afinput_exp_cycles_indvary3_step2_batch_yyy07_35_338.apx.normal.bnet,OK,2.99,456268,0
adfgen_acyc_a_02_s_02_b_02_t_02_x_02_c_sXOR_ABA2AF_afinput_exp_cycles_indvary3_step2_batch_yyy10_28_139.apx.normal.bnet,OK,2.47,426828,0
adfgen_acyc_a_02_s_02_b_02_t_02_x_02_c_sXOR_ABA2AF_afinput_exp_cycles_indvary3_step2_batch_yyy01_59_1785.apx.normal.bnet,OK,9.63,2244724,0
adfgen_acyc_a_02_s_02_b_02_t_02_x_02_c_sXOR_Planning2AF_bw2.pfile-3-02.pddl.1.cnf_266_495.apx.normal.bnet,OK,5.12,562612,0
adfgen_acyc_a_02_s_02_b_02_t_02_x_02_c_sXOR_Planning2AF_bw2.pfile-3-02.pddl.2.cnf_161_285.apx.normal.bnet,OK,3.05,511144,0
adfgen_acyc_a_02_s_02_b_02_t_02_x_02_c_sXOR_Planning2AF_bw2.pfile-3-02.pddl.3.cnf_282_461.apx.normal.bnet,OK,4.59,530052,0
adfgen_acyc_a_02_s_02_b_02_t_02_x_02_c_sXOR_ABA2AF_afinput_exp_cycles_indvary1_step4_batch_yyy03_127_12544.apx.normal.bnet,OK,82.41,6258376,0
adfgen_acyc_a_02_s_02_b_02_t_02_x_02_c_sXOR_Planning2AF_bw2.pfile-3-02.pddl.4.cnf_247_391.apx.normal.bnet,OK,2.91,515436,0
adfgen_acyc_a_02_s_02_b_02_t_02_x_02_c_sXOR_ABA2AF_afinput_exp_cycles_indvary3_step1_batch_yyy02_83_4266.apx.normal.bnet,OK,17.09,3822472,0
adfgen_acyc_a_02_s_02_b_02_t_02_x_02_c_sXOR_Planning2AF_bw2.pfile-3-03.pddl.1.cnf_266_494.apx.normal.bnet,OK,3.43,586796,0
adfgen_acyc_a_02_s_02_b_02_t_02_x_02_c_sXOR_Planning2AF_bw2.pfile-3-05.pddl.2.cnf_162_287.apx.normal.bnet,OK,2.65,447744,0
adfgen_acyc_a_02_s_02_b_02_t_02_x_02_c_sXOR_Planning2AF_bw2.pfile-3-05.pddl.1.cnf_267_497.apx.normal.bnet,OK,3.39,561028,0
adfgen_acyc_a_02_s_02_b_02_t_02_x_02_c_sXOR_Planning2AF_bw2.pfile-3-05.pddl.4.cnf_248_392.apx.normal.bnet,OK,2.72,524016,0
adfgen_acyc_a_02_s_02_b_02_t_02_x_02_c_sXOR_Planning2AF_bw2.pfile-3-05.pddl.3.cnf_283_462.apx.normal.bnet,OK,2.89,526576,0
adfgen_acyc_a_02_s_02_b_02_t_02_x_02_c_sXOR_Planning2AF_bw2.pfile-3-07.pddl.1.cnf_265_493.apx.normal.bnet,OK,3.32,516756,0
adfgen_acyc_a_02_s_02_b_02_t_02_x_02_c_sXOR_Planning2AF_bw2.pfile-3-07.pddl.2.cnf_160_284.apx.normal.bnet,OK,2.48,471664,0
adfgen_acyc_a_02_s_02_b_02_t_02_x_02_c_sXOR_Planning2AF_bw2.pfile-3-07.pddl.4.cnf_246_390.apx.normal.bnet,OK,2.26,484336,0
adfgen_acyc_a_02_s_02_b_02_t_02_x_02_c_sXOR_Planning2AF_bw2.pfile-3-07.pddl.3.cnf_281_460.apx.normal.bnet,OK,3.07,547436,0
adfgen_acyc_a_02_s_02_b_02_t_02_x_02_c_sXOR_Planning2AF_bw2.pfile-3-08.pddl.1.cnf_266_495.apx.normal.bnet,OK,3.34,584476,0
adfgen_acyc_a_02_s_02_b_02_t_02_x_02_c_sXOR_Planning2AF_bw2.pfile-3-08.pddl.2.cnf_161_285.apx.normal.bnet,OK,2.53,476292,0
adfgen_acyc_a_02_s_02_b_02_t_02_x_02_c_sXOR_Planning2AF_ferry2.pfile-L2-C1-01.pddl.1.cnf_86_136.apx.normal.bnet,OK,1.65,443720,0
adfgen_acyc_a_02_s_02_b_02_t_02_x_02_c_sXOR_Planning2AF_bw2.pfile-3-08.pddl.3.cnf_282_461.apx.normal.bnet,OK,3.06,519264,0
adfgen_acyc_a_02_s_02_b_02_t_02_x_02_c_sXOR_Planning2AF_bw2.pfile-3-08.pddl.4.cnf_247_391.apx.normal.bnet,OK,2.79,512788,0
adfgen_acyc_a_02_s_02_b_02_t_02_x_02_c_sXOR_Planning2AF_ferry2.pfile-L2-C1-01.pddl.2.cnf_160_279.apx.normal.bnet,OK,2.21,460840,0
adfgen_acyc_a_02_s_02_b_02_t_02_x_02_c_sXOR_Planning2AF_ferry2.pfile-L2-C1-010.pddl.1.cnf_86_136.apx.normal.bnet,OK,1.56,454916,0
adfgen_acyc_a_02_s_02_b_02_t_02_x_02_c_sXOR_Planning2AF_ferry2.pfile-L2-C1-02.pddl.1.cnf_86_136.apx.normal.bnet,OK,1.82,492428,0
adfgen_acyc_a_02_s_02_b_02_t_02_x_02_c_sXOR_Planning2AF_ferry2.pfile-L2-C1-02.pddl.2.cnf_160_279.apx.normal.bnet,OK,2.38,504004,0
adfgen_acyc_a_02_s_02_b_02_t_02_x_02_c_sXOR_Planning2AF_ferry2.pfile-L2-C1-03.pddl.1.cnf_123_211.apx.normal.bnet,OK,2.06,454928,0
adfgen_acyc_a_02_s_02_b_02_t_02_x_02_c_sXOR_Planning2AF_ferry2.pfile-L2-C1-03.pddl.2.cnf_131_227.apx.normal.bnet,OK,2.00,447724,0
adfgen_acyc_a_02_s_02_b_02_t_02_x_02_c_sXOR_Planning2AF_ferry2.pfile-L2-C1-03.pddl.3.cnf_205_334.apx.normal.bnet,OK,2.29,481204,0
adfgen_acyc_a_02_s_02_b_02_t_02_x_02_c_sXOR_Planning2AF_ferry2.pfile-L2-C1-03.pddl.4.cnf_175_274.apx.normal.bnet,OK,2.32,467448,0
adfgen_acyc_a_02_s_02_b_02_t_02_x_02_c_sXOR_Planning2AF_ferry2.pfile-L2-C1-04.pddl.1.cnf_123_211.apx.normal.bnet,OK,1.93,462896,0
adfgen_acyc_a_02_s_02_b_02_t_02_x_02_c_sXOR_Planning2AF_ferry2.pfile-L2-C1-03.pddl.5.cnf_213_361.apx.normal.bnet,OK,2.75,472736,0
adfgen_acyc_a_02_s_02_b_02_t_02_x_02_c_sXOR_Planning2AF_ferry2.pfile-L2-C1-03.pddl.6.cnf_219_359.apx.normal.bnet,OK,2.68,510688,0
adfgen_acyc_a_02_s_02_b_02_t_02_x_02_c_sXOR_Planning2AF_ferry2.pfile-L2-C1-04.pddl.2.cnf_131_227.apx.normal.bnet,OK,1.90,447376,0
adfgen_acyc_a_02_s_02_b_02_t_02_x_02_c_sXOR_Planning2AF_ferry2.pfile-L2-C1-04.pddl.3.cnf_205_334.apx.normal.bnet,OK,2.67,503176,0
adfgen_acyc_a_02_s_02_b_02_t_02_x_02_c_sXOR_Planning2AF_ferry2.pfile-L2-C1-04.pddl.4.cnf_175_274.apx.normal.bnet,OK,2.25,445700,0
adfgen_acyc_a_02_s_02_b_02_t_02_x_02_c_sXOR_Planning2AF_ferry2.pfile-L2-C1-04.pddl.5.cnf_213_361.apx.normal.bnet,OK,2.15,483664,0
adfgen_acyc_a_02_s_02_b_02_t_02_x_02_c_sXOR_Planning2AF_ferry2.pfile-L2-C1-05.pddl.1.cnf_123_211.apx.normal.bnet,OK,1.99,442556,0
adfgen_acyc_a_02_s_02_b_02_t_02_x_02_c_sXOR_Planning2AF_ferry2.pfile-L2-C1-04.pddl.6.cnf_219_359.apx.normal.bnet,OK,2.16,480396,0
adfgen_acyc_a_02_s_02_b_02_t_02_x_02_c_sXOR_Planning2AF_ferry2.pfile-L2-C1-05.pddl.2.cnf_131_227.apx.normal.bnet,OK,2.50,485824,0
adfgen_acyc_a_02_s_02_b_02_t_02_x_02_c_sXOR_Planning2AF_ferry2.pfile-L2-C1-05.pddl.3.cnf_205_334.apx.normal.bnet,OK,2.29,465168,0
adfgen_acyc_a_02_s_02_b_02_t_02_x_02_c_sXOR_Planning2AF_ferry2.pfile-L2-C1-05.pddl.4.cnf_175_274.apx.normal.bnet,OK,2.29,453156,0
adfgen_acyc_a_02_s_02_b_02_t_02_x_02_c_sXOR_Planning2AF_ferry2.pfile-L2-C1-05.pddl.5.cnf_213_361.apx.normal.bnet,OK,2.56,503132,0
adfgen_acyc_a_02_s_02_b_02_t_02_x_02_c_sXOR_Planning2AF_ferry2.pfile-L2-C1-05.pddl.6.cnf_219_359.apx.normal.bnet,OK,2.51,485732,0
adfgen_acyc_a_02_s_02_b_02_t_02_x_02_c_sXOR_Planning2AF_ferry2.pfile-L2-C1-06.pddl.1.cnf_86_136.apx.normal.bnet,OK,1.78,428684,0
adfgen_acyc_a_02_s_02_b_02_t_02_x_02_c_sXOR_Planning2AF_ferry2.pfile-L2-C1-07.pddl.1.cnf_86_136.apx.normal.bnet,OK,1.76,458692,0
adfgen_acyc_a_02_s_02_b_02_t_02_x_02_c_sXOR_Planning2AF_ferry2.pfile-L2-C1-08.pddl.1.cnf_86_136.apx.normal.bnet,OK,1.80,423932,0
adfgen_acyc_a_02_s_02_b_02_t_02_x_02_c_sXOR_Planning2AF_ferry2.pfile-L2-C1-06.pddl.2.cnf_160_279.apx.normal.bnet,OK,2.38,461304,0
adfgen_acyc_a_02_s_02_b_02_t_02_x_02_c_sXOR_Planning2AF_ferry2.pfile-L2-C1-07.pddl.2.cnf_160_279.apx.normal.bnet,OK,2.07,487684,0
adfgen_acyc_a_02_s_02_b_02_t_02_x_02_c_sXOR_Planning2AF_ferry2.pfile-L2-C1-08.pddl.2.cnf_160_279.apx.normal.bnet,OK,2.69,478904,0
adfgen_acyc_a_02_s_02_b_02_t_02_x_02_c_sXOR_Planning2AF_ferry2.pfile-L2-C1-09.pddl.1.cnf_123_211.apx.normal.bnet,OK,2.06,455068,0
adfgen_acyc_a_02_s_02_b_02_t_02_x_02_c_sXOR_Planning2AF_ferry2.pfile-L2-C1-09.pddl.2.cnf_131_227.apx.normal.bnet,OK,2.18,457380,0
adfgen_acyc_a_02_s_02_b_02_t_02_x_02_c_sXOR_Planning2AF_ferry2.pfile-L2-C1-09.pddl.3.cnf_205_334.apx.normal.bnet,OK,2.20,474360,0
adfgen_acyc_a_02_s_02_b_02_t_02_x_02_c_sXOR_Planning2AF_ferry2.pfile-L2-C1-09.pddl.4.cnf_175_274.apx.normal.bnet,OK,2.51,449536,0
adfgen_acyc_a_02_s_02_b_02_t_02_x_02_c_sXOR_Planning2AF_ferry2.pfile-L2-C1-09.pddl.5.cnf_213_361.apx.normal.bnet,OK,2.90,510108,0
adfgen_acyc_a_02_s_02_b_02_t_02_x_02_c_sXOR_Planning2AF_ferry2.pfile-L2-C2-01.pddl.1.cnf_221_402.apx.normal.bnet,OK,2.66,486604,0
adfgen_acyc_a_02_s_02_b_02_t_02_x_02_c_sXOR_Planning2AF_ferry2.pfile-L2-C2-01.pddl.2.cnf_239_432.apx.normal.bnet,OK,2.56,485736,0
adfgen_acyc_a_02_s_02_b_02_t_02_x_02_c_sXOR_Planning2AF_ferry2.pfile-L2-C2-010.pddl.1.cnf_135_220.apx.normal.bnet,OK,2.12,444888,0
adfgen_acyc_a_02_s_02_b_02_t_02_x_02_c_sXOR_Planning2AF_ferry2.pfile-L2-C2-01.pddl.4.cnf_285_462.apx.normal.bnet,OK,2.59,527452,0
adfgen_acyc_a_02_s_02_b_02_t_02_x_02_c_sXOR_Planning2AF_ferry2.pfile-L2-C2-03.pddl.1.cnf_135_220.apx.normal.bnet,OK,1.85,473392,0
adfgen_acyc_a_02_s_02_b_02_t_02_x_02_c_sXOR_Planning2AF_ferry2.pfile-L2-C2-02.pddl.1.cnf_135_220.apx.normal.bnet,OK,2.00,462020,0
adfgen_acyc_a_02_s_02_b_02_t_02_x_02_c_sXOR_Planning2AF_ferry2.pfile-L2-C2-010.pddl.2.cnf_276_500.apx.normal.bnet,OK,3.16,506812,0
adfgen_acyc_a_02_s_02_b_02_t_02_x_02_c_sXOR_Planning2AF_ferry2.pfile-L2-C2-02.pddl.2.cnf_276_500.apx.normal.bnet,OK,2.87,516036,0
adfgen_acyc_a_02_s_02_b_02_t_02_x_02_c_sXOR_Planning2AF_ferry2.pfile-L2-C2-03.pddl.2.cnf_276_500.apx.normal.bnet,OK,3.18,503304,0
adfgen_acyc_a_02_s_02_b_02_t_02_x_02_c_sXOR_Planning2AF_ferry2.pfile-L2-C2-04.pddl.1.cnf_221_402.apx.normal.bnet,OK,3.14,483812,0
adfgen_acyc_a_02_s_02_b_02_t_02_x_02_c_sXOR_Planning2AF_ferry2.pfile-L2-C2-05.pddl.1.cnf_135_220.apx.normal.bnet,OK,2.16,453464,0
adfgen_acyc_a_02_s_02_b_02_t_02_x_02_c_sXOR_Planning2AF_ferry2.pfile-L2-C2-04.pddl.2.cnf_239_432.apx.normal.bnet,OK,2.93,503812,0
adfgen_acyc_a_02_s_02_b_02_t_02_x_02_c_sXOR_Planning2AF_ferry2.pfile-L2-C2-04.pddl.4.cnf_285_462.apx.normal.bnet,OK,2.85,555268,0
adfgen_acyc_a_02_s_02_b_02_t_02_x_02_c_sXOR_Planning2AF_ferry2.pfile-L2-C2-06.pddl.1.cnf_221_402.apx.normal.bnet,OK,2.22,478328,0
adfgen_acyc_a_02_s_02_b_02_t_02_x_02_c_sXOR_Planning2AF_ferry2.pfile-L2-C2-07.pddl.1.cnf_135_220.apx.normal.bnet,OK,2.24,455464,0
adfgen_acyc_a_02_s_02_b_02_t_02_x_02_c_sXOR_Planning2AF_ferry2.pfile-L2-C2-08.pddl.1.cnf_135_220.apx.normal.bnet,OK,2.30,436276,0
adfgen_acyc_a_02_s_02_b_02_t_02_x_02_c_sXOR_Planning2AF_ferry2.pfile-L2-C2-06.pddl.4.cnf_285_462.apx.normal.bnet,OK,2.99,502312,0
adfgen_acyc_a_02_s_02_b_02_t_02_x_02_c_sXOR_Planning2AF_ferry2.pfile-L2-C2-06.pddl.2.cnf_239_432.apx.normal.bnet,OK,3.14,484804,0
adfgen_acyc_a_02_s_02_b_02_t_02_x_02_c_sXOR_Planning2AF_ferry2.pfile-L2-C2-07.pddl.2.cnf_276_500.apx.normal.bnet,OK,3.22,487620,0
adfgen_acyc_a_02_s_02_b_02_t_02_x_02_c_sXOR_Planning2AF_ferry2.pfile-L2-C3-01.pddl.1.cnf_190_316.apx.normal.bnet,OK,2.45,495492,0
adfgen_acyc_a_02_s_02_b_02_t_02_x_02_c_sXOR_Planning2AF_ferry2.pfile-L2-C2-08.pddl.2.cnf_276_500.apx.normal.bnet,OK,3.54,531580,0
adfgen_acyc_a_02_s_02_b_02_t_02_x_02_c_sXOR_Planning2AF_ferry2.pfile-L2-C2-09.pddl.1.cnf_221_402.apx.normal.bnet,OK,2.83,534612,0
adfgen_acyc_a_02_s_02_b_02_t_02_x_02_c_sXOR_Planning2AF_ferry2.pfile-L2-C2-09.pddl.4.cnf_285_462.apx.normal.bnet,OK,2.80,569516,0
adfgen_acyc_a_02_s_02_b_02_t_02_x_02_c_sXOR_Planning2AF_ferry2.pfile-L2-C3-010.pddl.1.cnf_190_316.apx.normal.bnet,OK,2.44,489176,0
adfgen_acyc_a_02_s_02_b_02_t_02_x_02_c_sXOR_Planning2AF_ferry2.pfile-L2-C3-04.pddl.1.cnf_190_316.apx.normal.bnet,OK,2.25,490440,0
adfgen_acyc_a_02_s_02_b_02_t_02_x_02_c_sXOR_Planning2AF_ferry2.pfile-L2-C3-08.pddl.1.cnf_190_316.apx.normal.bnet,OK,2.41,473192,0
adfgen_acyc_a_02_s_02_b_02_t_02_x_02_c_sXOR_Planning2AF_ferry2.pfile-L2-C4-01.pddl.1.cnf_251_424.apx.normal.bnet,OK,2.62,480120,0
adfgen_acyc_a_02_s_02_b_02_t_02_x_02_c_sXOR_Planning2AF_ferry2.pfile-L2-C4-010.pddl.1.cnf_251_424.apx.normal.bnet,OK,2.75,470032,0
adfgen_acyc_a_02_s_02_b_02_t_02_x_02_c_sXOR_Planning2AF_ferry2.pfile-L2-C4-02.pddl.1.cnf_251_424.apx.normal.bnet,OK,2.60,485748,0
adfgen_acyc_a_02_s_02_b_02_t_02_x_02_c_sXOR_Planning2AF_ferry2.pfile-L2-C4-05.pddl.1.cnf_251_424.apx.normal.bnet,OK,2.98,623312,0
adfgen_acyc_a_02_s_02_b_02_t_02_x_02_c_sXOR_Planning2AF_ferry2.pfile-L3-C1-01.pddl.1.cnf_164_287.apx.normal.bnet,OK,2.35,480476,0
adfgen_acyc_a_02_s_02_b_02_t_02_x_02_c_sXOR_Planning2AF_ferry2.pfile-L2-C4-08.pddl.1.cnf_251_424.apx.normal.bnet,OK,2.85,480060,0
adfgen_acyc_a_02_s_02_b_02_t_02_x_02_c_sXOR_Planning2AF_ferry2.pfile-L3-C1-010.pddl.1.cnf_233_430.apx.normal.bnet,OK,2.71,469288,0
adfgen_acyc_a_02_s_02_b_02_t_02_x_02_c_sXOR_Planning2AF_ferry2.pfile-L3-C1-010.pddl.2.cnf_273_507.apx.normal.bnet,OK,2.67,494284,0
adfgen_acyc_a_02_s_02_b_02_t_02_x_02_c_sXOR_Planning2AF_ferry2.pfile-L3-C1-02.pddl.1.cnf_164_287.apx.normal.bnet,OK,2.40,495760,0
adfgen_acyc_a_02_s_02_b_02_t_02_x_02_c_sXOR_Planning2AF_ferry2.pfile-L3-C1-03.pddl.1.cnf_164_287.apx.normal.bnet,OK,2.30,495752,0
adfgen_acyc_a_02_s_02_b_02_t_02_x_02_c_sXOR_Planning2AF_ferry2.pfile-L3-C1-010.pddl.4.cnf_281_463.apx.normal.bnet,OK,2.99,495244,0
adfgen_acyc_a_02_s_02_b_02_t_02_x_02_c_sXOR_Planning2AF_ferry2.pfile-L3-C1-04.pddl.1.cnf_233_430.apx.normal.bnet,OK,2.80,506336,0
adfgen_acyc_a_02_s_02_b_02_t_02_x_02_c_sXOR_Planning2AF_ferry2.pfile-L3-C1-04.pddl.2.cnf_273_507.apx.normal.bnet,OK,3.08,600164,0
adfgen_acyc_a_02_s_02_b_02_t_02_x_02_c_sXOR_Planning2AF_ferry2.pfile-L3-C1-05.pddl.1.cnf_164_287.apx.normal.bnet,OK,2.48,466304,0
adfgen_acyc_a_02_s_02_b_02_t_02_x_02_c_sXOR_Planning2AF_ferry2.pfile-L3-C1-07.pddl.1.cnf_164_287.apx.normal.bnet,OK,2.24,455932,0
adfgen_acyc_a_02_s_02_b_02_t_02_x_02_c_sXOR_Planning2AF_ferry2.pfile-L3-C1-04.pddl.4.cnf_281_463.apx.normal.bnet,OK,3.08,517016,0
adfgen_acyc_a_02_s_02_b_02_t_02_x_02_c_sXOR_Planning2AF_ferry2.pfile-L3-C1-08.pddl.1.cnf_164_287.apx.normal.bnet,OK,2.09,453384,0
adfgen_acyc_a_02_s_02_b_02_t_02_x_02_c_sXOR_Planning2AF_ferry2.pfile-L3-C1-09.pddl.1.cnf_164_287.apx.normal.bnet,OK,1.88,453044,0
adfgen_acyc_a_02_s_02_b_02_t_02_x_02_c_sXOR_Planning2AF_ferry2.pfile-L3-C2-04.pddl.1.cnf_229_406.apx.normal.bnet,OK,2.87,495516,0
adfgen_acyc_a_02_s_02_b_02_t_02_x_02_c_sXOR_Planning2AF_ferry2.pfile-L3-C2-05.pddl.1.cnf_229_406.apx.normal.bnet,OK,2.82,520164,0
adfgen_acyc_a_02_s_02_b_02_t_02_x_02_c_sXOR_Planning2AF_ferry2.pfile-L3-C2-03.pddl.1.cnf_229_406.apx.normal.bnet,OK,2.93,562632,0
adfgen_acyc_a_02_s_02_b_02_t_02_x_02_c_sXOR_Planning2AF_ferry2.pfile-L3-C2-06.pddl.1.cnf_229_406.apx.normal.bnet,OK,2.88,502836,0
adfgen_acyc_a_02_s_02_b_02_t_02_x_02_c_sXOR_Planning2AF_ferry2.pfile-L3-C2-09.pddl.1.cnf_229_406.apx.normal.bnet,OK,2.87,504992,0
adfgen_acyc_a_02_s_02_b_02_t_02_x_02_c_sXOR_Traffic_access-allegany-transit_20130327_1518.normalized.gml.50_42_76.apx.normal.bnet,OK,1.59,420516,0
adfgen_acyc_a_02_s_02_b_02_t_02_x_02_c_sXOR_Traffic_bay-area-rapid-transit_20151217_1022.gml.20_45_56.apx.normal.bnet,OK,1.69,413304,0
adfgen_acyc_a_02_s_02_b_02_t_02_x_02_c_sXOR_Traffic_anaheim-resort-transportation_20151217_1213.gml.50_81_171.apx.normal.bnet,OK,1.85,425300,0
adfgen_acyc_a_02_s_02_b_02_t_02_x_02_c_sXOR_Traffic_bay-town-trolley_20151216_1628.gml.20_198_277.apx.normal.bnet,OK,2.19,451844,0
adfgen_acyc_a_02_s_02_b_02_t_02_x_02_c_sXOR_Traffic_adamjernst_20081211_0356.normalized.gml.20_248_481.apx.normal.bnet,OK,2.94,489536,0
adfgen_acyc_a_02_s_02_b_02_t_02_x_02_c_sXOR_Traffic_benton-or-us.gml.80_25_56.apx.normal.bnet,OK,1.27,410100,0
adfgen_acyc_a_02_s_02_b_02_t_02_x_02_c_sXOR_Traffic_bustang_20151217_1135.gml.80_20_41.apx.normal.bnet,OK,1.21,413828,0
adfgen_acyc_a_02_s_02_b_02_t_02_x_02_c_sXOR_Traffic_calaveras-transit_20151216_1707.gml.50_32_82.apx.normal.bnet,OK,1.24,421580,0
adfgen_acyc_a_02_s_02_b_02_t_02_x_02_c_sXOR_Traffic_caravan_or_2015-12-01.gml.50_19_32.apx.normal.bnet,OK,1.09,417440,0
adfgen_acyc_a_02_s_02_b_02_t_02_x_02_c_sXOR_Traffic_beloit-transit-system_20150513_1515.gml.20_235_391.apx.normal.bnet,OK,2.77,516800,0
adfgen_acyc_a_02_s_02_b_02_t_02_x_02_c_sXOR_Traffic_cecil-transit_20151202_2004.gml.50_105_214.apx.normal.bnet,OK,2.01,446488,0
adfgen_acyc_a_02_s_02_b_02_t_02_x_02_c_sXOR_Traffic_cecil-transit_20151202_2004.gml.80_105_248.apx.normal.bnet,OK,2.12,480968,0
adfgen_acyc_a_02_s_02_b_02_t_02_x_02_c_sXOR_Traffic_citygo_20090102_2309.gml.80_101_198.apx.normal.bnet,OK,1.54,441684,0
adfgen_acyc_a_02_s_02_b_02_t_02_x_02_c_sXOR_Traffic_cit-sorel-varennes_20150821_1708.gml.50_212_430.apx.normal.bnet,OK,2.15,476732,0
adfgen_acyc_a_02_s_02_b_02_t_02_x_02_c_sXOR_Traffic_city-of-lodi-transitgrapeline_20130618_0428.gml.80_169_417.apx.normal.bnet,OK,2.04,459636,0
adfgen_acyc_a_02_s_02_b_02_t_02_x_02_c_sXOR_Traffic_comune-di-castellanza_20151218_2338.gml.80_35_96.apx.normal.bnet,OK,1.52,424400,0
adfgen_acyc_a_02_s_02_b_02_t_02_x_02_c_sXOR_Traffic_commute.org_20140813_1738.gml.20_116_198.apx.normal.bnet,OK,2.23,454932,0
adfgen_acyc_a_02_s_02_b_02_t_02_x_02_c_sXOR_Traffic_coos-county-area-transit_20151216_1739.gml.80_65_179.apx.normal.bnet,OK,1.52,427900,0
adfgen_acyc_a_02_s_02_b_02_t_02_x_02_c_sXOR_Traffic_corvallis2albany-or-us.gml.50_104_198.apx.normal.bnet,OK,1.49,433904,0
adfgen_acyc_a_02_s_02_b_02_t_02_x_02_c_sXOR_Traffic_corona_ca_2015-12-21.gml.20_168_222.apx.normal.bnet,OK,1.86,444496,0
adfgen_acyc_a_02_s_02_b_02_t_02_x_02_c_sXOR_Traffic_emel-limassol-buses_20130419_1345.gml.50_20_25.apx.normal.bnet,OK,1.29,411516,0
adfgen_acyc_a_02_s_02_b_02_t_02_x_02_c_sXOR_Traffic_duke-university_20150227_1733.gml.80_110_268.apx.normal.bnet,OK,1.73,466648,0
adfgen_acyc_a_02_s_02_b_02_t_02_x_02_c_sXOR_Traffic_csehattila87_20151216_1417.gml.20_291_482.apx.normal.bnet,OK,3.01,482040,0
adfgen_acyc_a_02_s_02_b_02_t_02_x_02_c_sXOR_Traffic_el-dorado-transit_20151217_1024.gml.20_139_270.apx.normal.bnet,OK,2.15,470124,0
adfgen_acyc_a_02_s_02_b_02_t_02_x_02_c_sXOR_Traffic_csehpacilla@mailbox.hu_20141204_2045.gml.50_286_578.apx.normal.bnet,OK,2.65,476928,0
adfgen_acyc_a_02_s_02_b_02_t_02_x_02_c_sXOR_Traffic_gunnison-valley-rta_20151202_1952.gml.50_18_31.apx.normal.bnet,OK,1.50,407872,0
adfgen_acyc_a_02_s_02_b_02_t_02_x_02_c_sXOR_Traffic_glendale-beeline_20151202_1859.gml.50_209_387.apx.normal.bnet,OK,2.34,479796,0
adfgen_acyc_a_02_s_02_b_02_t_02_x_02_c_sXOR_Traffic_go-transit-city-of-oshkosh_20151216_1805.gml.20_249_331.apx.normal.bnet,OK,2.42,462272,0
adfgen_acyc_a_02_s_02_b_02_t_02_x_02_c_sXOR_Traffic_go-transit-city-of-oshkosh_20151216_1805.gml.50_249_421.apx.normal.bnet,OK,2.30,462496,0
adfgen_acyc_a_02_s_02_b_02_t_02_x_02_c_sXOR_Traffic_gold-country-stage_20141230_2236.gml.20_223_326.apx.normal.bnet,OK,2.31,451608,0
adfgen_acyc_a_02_s_02_b_02_t_02_x_02_c_sXOR_Traffic_hkx-hamburg-kln-express_20150114_1008.gml.80_10_14.apx.normal.bnet,OK,1.23,404212,0
adfgen_acyc_a_02_s_02_b_02_t_02_x_02_c_sXOR_Traffic_hoang-express_20120831_1707.normalized.gml.50_14_23.apx.normal.bnet,OK,1.13,415388,0
adfgen_acyc_a_02_s_02_b_02_t_02_x_02_c_sXOR_Traffic_irvine-shuttle_20091229_1547.gml.20_43_59.apx.normal.bnet,OK,1.45,426132,0
adfgen_acyc_a_02_s_02_b_02_t_02_x_02_c_sXOR_Traffic_irvine-shuttle_20091229_1547.gml.80_43_79.apx.normal.bnet,OK,1.64,422704,0
adfgen_acyc_a_02_s_02_b_02_t_02_x_02_c_sXOR_Traffic_humboldt-archiver_20151216_1436.gml.80_265_627.apx.normal.bnet,OK,3.17,622608,0
adfgen_acyc_a_02_s_02_b_02_t_02_x_02_c_sXOR_Traffic_jeffco-express_20151217_0857.gml.20_77_117.apx.normal.bnet,OK,1.56,538588,0
adfgen_acyc_a_02_s_02_b_02_t_02_x_02_c_sXOR_Traffic_joco_20140604_1619.gml.50_127_280.apx.normal.bnet,OK,1.68,429012,0
adfgen_acyc_a_02_s_02_b_02_t_02_x_02_c_sXOR_Traffic_janesville-transit-system_20150820_2037.gml.50_224_491.apx.normal.bnet,OK,2.61,531104,0
adfgen_acyc_a_02_s_02_b_02_t_02_x_02_c_sXOR_Traffic_kanawha-valley-regional-transportation-authority-krt_20150126_1340.gml.20_104_179.apx.normal.bnet,OK,1.97,441276,0
adfgen_acyc_a_02_s_02_b_02_t_02_x_02_c_sXOR_Traffic_laguna-beach-transit_20151216_1912.gml.20_20_50.apx.normal.bnet,OK,1.23,408560,0
adfgen_acyc_a_02_s_02_b_02_t_02_x_02_c_sXOR_Traffic_leo-express_20150223_1307.gml.50_11_18.apx.normal.bnet,OK,1.10,415276,0
adfgen_acyc_a_02_s_02_b_02_t_02_x_02_c_sXOR_Traffic_kern-regional-transit_20140801_2043.gml.20_179_323.apx.normal.bnet,OK,2.27,487316,0
adfgen_acyc_a_02_s_02_b_02_t_02_x_02_c_sXOR_Traffic_lowell-regional-transit-authority_20121214_0433.gml.20_128_191.apx.normal.bnet,OK,2.18,450668,0
adfgen_acyc_a_02_s_02_b_02_t_02_x_02_c_sXOR_Traffic_massachusetts-archiver_20090912_0208.gml.80_34_59.apx.normal.bnet,OK,1.35,415964,0
adfgen_acyc_a_02_s_02_b_02_t_02_x_02_c_sXOR_Traffic_leon_spain_2016-01.gml.80_202_475.apx.normal.bnet,OK,2.68,476928,0
adfgen_acyc_a_02_s_02_b_02_t_02_x_02_c_sXOR_Traffic_lowell-regional-transit-authority_20121214_0433.gml.80_128_296.apx.normal.bnet,OK,1.76,446760,0
adfgen_acyc_a_02_s_02_b_02_t_02_x_02_c_sXOR_Traffic_massachusetts_nrta_2014-12-03.gml.20_130_185.apx.normal.bnet,OK,1.31,434448,0
adfgen_acyc_a_02_s_02_b_02_t_02_x_02_c_sXOR_Traffic_miccolis-spa_20141228_1729.gml.50_40_113.apx.normal.bnet,OK,1.54,433928,0
adfgen_acyc_a_02_s_02_b_02_t_02_x_02_c_sXOR_Traffic_milton-freewater-or-us.gml.80_29_50.apx.normal.bnet,OK,1.28,426500,0
adfgen_acyc_a_02_s_02_b_02_t_02_x_02_c_sXOR_Traffic_mrc-de-deux-montagnes_20130213_2116.gml.50_27_52.apx.normal.bnet,OK,1.47,422584,0
adfgen_acyc_a_02_s_02_b_02_t_02_x_02_c_sXOR_Traffic_mumbai-metro_20151216_1419.gml.50_12_19.apx.normal.bnet,OK,1.32,403064,0
adfgen_acyc_a_02_s_02_b_02_t_02_x_02_c_sXOR_Traffic_mountain-line-archiver_20110312_0338.gml.80_255_513.apx.normal.bnet,OK,2.11,463104,0
adfgen_acyc_a_02_s_02_b_02_t_02_x_02_c_sXOR_Traffic_northwestpoint_or_2015-12-07.gml.20_11_13.apx.normal.bnet,OK,1.15,406620,0
adfgen_acyc_a_02_s_02_b_02_t_02_x_02_c_sXOR_Traffic_nc-state-university-wolfline_20150227_1735.gml.50_109_224.apx.normal.bnet,OK,1.81,454012,0
adfgen_acyc_a_02_s_02_b_02_t_02_x_02_c_sXOR_Traffic_myciti_20131022_0552.gml.50_122_210.apx.normal.bnet,OK,2.02,446660,0
adfgen_acyc_a_02_s_02_b_02_t_02_x_02_c_sXOR_Traffic_omit-sainte-julie_20151202_1945.gml.50_152_280.apx.normal.bnet,OK,2.30,479928,0
adfgen_acyc_a_02_s_02_b_02_t_02_x_02_c_sXOR_Traffic_norwalk_ct_2016-01.gml.80_250_552.apx.normal.bnet,OK,2.93,509340,0
adfgen_acyc_a_02_s_02_b_02_t_02_x_02_c_sXOR_Traffic_ouibus_20151219_1959.gml.50_54_164.apx.normal.bnet,OK,1.60,445756,0
adfgen_acyc_a_02_s_02_b_02_t_02_x_02_c_sXOR_Traffic_path_20120517_1620.normalized.gml.20_13_15.apx.normal.bnet,OK,0.96,404960,0
adfgen_acyc_a_02_s_02_b_02_t_02_x_02_c_sXOR_Traffic_palos-verdes-peninsula-transit-authority_20151216_1829.gml.80_192_499.apx.normal.bnet,OK,2.03,456076,0
adfgen_acyc_a_02_s_02_b_02_t_02_x_02_c_sXOR_Traffic_rio-vista-delta-breeze_20131212_0124.gml.50_64_107.apx.normal.bnet,OK,1.38,435020,0
adfgen_acyc_a_02_s_02_b_02_t_02_x_02_c_sXOR_Traffic_razorback-transit_20090814_1752.gml.50_92_188.apx.normal.bnet,OK,1.94,428904,0
adfgen_acyc_a_02_s_02_b_02_t_02_x_02_c_sXOR_Traffic_redwood-coast-transit_20151216_1453.gml.20_113_165.apx.normal.bnet,OK,1.89,484908,0
adfgen_acyc_a_02_s_02_b_02_t_02_x_02_c_sXOR_Traffic_rio-vista-delta-breeze_20131212_0124.gml.80_64_127.apx.normal.bnet,OK,1.84,431548,0
adfgen_acyc_a_02_s_02_b_02_t_02_x_02_c_sXOR_Traffic_rockland_county_ny_2016-01.gml.20_16_32.apx.normal.bnet,OK,1.04,411464,0
adfgen_acyc_a_02_s_02_b_02_t_02_x_02_c_sXOR_Traffic_san-benito-county-express_20151216_1918.gml.20_61_91.apx.normal.bnet,OK,1.59,439800,0
adfgen_acyc_a_02_s_02_b_02_t_02_x_02_c_sXOR_Traffic_roseville_ca_2015-10-21.gml.80_207_449.apx.normal.bnet,OK,2.49,488940,0
adfgen_acyc_a_02_s_02_b_02_t_02_x_02_c_sXOR_Traffic_san_francisco-BART_20160101_v1.gml.20_45_57.apx.normal.bnet,OK,1.57,421948,0
adfgen_acyc_a_02_s_02_b_02_t_02_x_02_c_sXOR_Traffic_sbase_20150429_2048.gml.80_98_171.apx.normal.bnet,OK,1.65,428220,0
adfgen_acyc_a_02_s_02_b_02_t_02_x_02_c_sXOR_Traffic_s-potniki-promet-doo_20141212_1812.gml.80_262_703.apx.normal.bnet,OK,2.19,467892,0
adfgen_acyc_a_02_s_02_b_02_t_02_x_02_c_sXOR_Traffic_sfbay-ferries-archiver_20100127_0320.gml.80_9_26.apx.normal.bnet,OK,1.23,409356,0
adfgen_acyc_a_02_s_02_b_02_t_02_x_02_c_sXOR_Traffic_societe-nationale-des-chemins-de-fer-tunisiens_20140804_1915.gml.20_18_21.apx.normal.bnet,OK,1.34,421732,0
adfgen_acyc_a_02_s_02_b_02_t_02_x_02_c_sXOR_Traffic_siskiyou-transit-and-general-express_20150106_0149.gml.80_117_351.apx.normal.bnet,OK,1.84,433260,0
adfgen_acyc_a_02_s_02_b_02_t_02_x_02_c_sXOR_Traffic_septa_20151217_1207.gml.80_155_406.apx.normal.bnet,OK,2.15,478680,0
adfgen_acyc_a_02_s_02_b_02_t_02_x_02_c_sXOR_Traffic_southern_california_2016-01.gml.20_56_89.apx.normal.bnet,OK,1.93,427484,0
adfgen_acyc_a_02_s_02_b_02_t_02_x_02_c_sXOR_Traffic_southwest-point_20151216_1538.gml.80_18_34.apx.normal.bnet,OK,1.23,411404,0
adfgen_acyc_a_02_s_02_b_02_t_02_x_02_c_sXOR_Traffic_sunshine-bus-company_20151216_1645.gml.80_48_122.apx.normal.bnet,OK,1.64,434668,0
adfgen_acyc_a_02_s_02_b_02_t_02_x_02_c_sXOR_Traffic_swan-island-tma_20151217_0809.gml.20_15_26.apx.normal.bnet,OK,1.17,413476,0
adfgen_acyc_a_02_s_02_b_02_t_02_x_02_c_sXOR_Traffic_tehama-archiver_20151217_1411.gml.20_90_138.apx.normal.bnet,OK,1.60,431716,0
adfgen_acyc_a_02_s_02_b_02_t_02_x_02_c_sXOR_Traffic_tehama_ca_2015-12-30.gml.80_90_212.apx.normal.bnet,OK,1.66,452672,0
adfgen_acyc_a_02_s_02_b_02_t_02_x_02_c_sXOR_Traffic_temiskaming-transit_20140107_0435.gml.20_62_87.apx.normal.bnet,OK,1.62,459928,0
adfgen_acyc_a_02_s_02_b_02_t_02_x_02_c_sXOR_Traffic_the-shuttle-inc_20141224_0137.gml.20_18_23.apx.normal.bnet,OK,1.26,407540,0
adfgen_acyc_a_02_s_02_b_02_t_02_x_02_c_sXOR_Traffic_tillamook-or-us.gml.20_182_281.apx.normal.bnet,OK,2.12,477276,0
adfgen_acyc_a_02_s_02_b_02_t_02_x_02_c_sXOR_Traffic_tillamook-or-us.gml.80_182_418.apx.normal.bnet,OK,2.28,469660,0
adfgen_acyc_a_02_s_02_b_02_t_02_x_02_c_sXOR_Traffic_tri-rail_20090129_0554.gml.20_18_20.apx.normal.bnet,OK,1.09,415292,0
adfgen_acyc_a_02_s_02_b_02_t_02_x_02_c_sXOR_Traffic_tillamook_or_2016-01.gml.80_181_424.apx.normal.bnet,OK,2.24,505408,0
adfgen_acyc_a_02_s_02_b_02_t_02_x_02_c_sXOR_Traffic_tri-rail_20090129_0554.gml.50_18_29.apx.normal.bnet,OK,1.30,409616,0
adfgen_acyc_a_02_s_02_b_02_t_02_x_02_c_sXOR_Traffic_topeka-metro_20121026_2234.gml.50_292_589.apx.normal.bnet,OK,3.18,490228,0
adfgen_acyc_a_02_s_02_b_02_t_02_x_02_c_sXOR_Traffic_triangle-transit-express_20150227_1736.gml.80_56_154.apx.normal.bnet,OK,1.47,442176,0
adfgen_acyc_a_02_s_02_b_02_t_02_x_02_c_sXOR_Traffic_triangle-transit-express_20150227_1736.gml.20_56_105.apx.normal.bnet,OK,1.65,433368,0
adfgen_acyc_a_02_s_02_b_02_t_02_x_02_c_sXOR_Traffic_tursib_20110626_1306.gml.50_212_426.apx.normal.bnet,OK,2.27,470148,0
adfgen_acyc_a_02_s_02_b_02_t_02_x_02_c_sXOR_Traffic_valleyretriever_or_2015-12-01.gml.20_14_20.apx.normal.bnet,OK,1.21,406404,0
adfgen_acyc_a_02_s_02_b_02_t_02_x_02_c_sXOR_Traffic_umpquatransit_or_2015-12-03.gml.50_190_349.apx.normal.bnet,OK,2.61,488356,0
adfgen_acyc_a_02_s_02_b_02_t_02_x_02_c_sXOR_Traffic_woodburn-or-us.gml.20_52_63.apx.normal.bnet,OK,1.37,439432,0
adfgen_acyc_a_02_s_02_b_02_t_02_x_02_c_sXOR_Traffic_university-of-nairobi-c4dlab_20141208_0940.normalized.gml.80_274_596.apx.normal.bnet,OK,2.75,620036,0
adfgen_acyc_a_02_s_02_b_02_t_02_x_02_c_sXOR_Traffic_vitoria-gasteiz_2016-01.gml.20_279_455.apx.normal.bnet,OK,2.63,578644,0
adfgen_acyc_a_02_s_02_b_02_t_02_x_02_c_sXOR_Traffic_worcester-regional-transit-authority_20130618_1740.gml.50_80_181.apx.normal.bnet,OK,1.50,431844,0
adfgen_acyc_a_02_s_02_b_02_t_02_x_02_c_sXOR_Traffic_worcester-regional-transit-authority_20130618_1740.gml.80_80_214.apx.normal.bnet,OK,1.55,452616,0
adfgen_nacyc_se05_a_02_s_02_b_02_t_02_x_02_c_sXOR_ABA2AF_afinput_exp_acyclic_depvary_step1_batch_yyy03_10_21.apx.normal.bnet,OK,1.10,411936,0
adfgen_nacyc_se05_a_02_s_02_b_02_t_02_x_02_c_sXOR_ABA2AF_afinput_exp_acyclic_depvary_step1_batch_yyy05_12_32.apx.normal.bnet,OK,1.01,409092,0
adfgen_nacyc_se05_a_02_s_02_b_02_t_02_x_02_c_sXOR_ABA2AF_afinput_exp_acyclic_depvary_step1_batch_yyy04_10_23.apx.normal.bnet,OK,1.14,408196,0
adfgen_acyc_a_02_s_02_b_02_t_02_x_02_c_sXOR_Traffic_yamhill-or-us.gml.20_157_241.apx.normal.bnet,OK,2.20,514940,0
adfgen_acyc_a_02_s_02_b_02_t_02_x_02_c_sXOR_Traffic_yuba-sutter-transit_20151216_1736.gml.20_216_327.apx.normal.bnet,OK,2.36,467180,0
adfgen_nacyc_se05_a_02_s_02_b_02_t_02_x_02_c_sXOR_ABA2AF_afinput_exp_acyclic_depvary_step1_batch_yyy08_9_20.apx.normal.bnet,OK,0.96,418192,0
adfgen_nacyc_se05_a_02_s_02_b_02_t_02_x_02_c_sXOR_ABA2AF_afinput_exp_acyclic_depvary_step1_batch_yyy10_9_12.apx.normal.bnet,OK,1.09,413460,0
adfgen_nacyc_se05_a_02_s_02_b_02_t_02_x_02_c_sXOR_ABA2AF_afinput_exp_acyclic_depvary_step2_batch_yyy01_17_49.apx.normal.bnet,OK,1.19,414932,0
adfgen_nacyc_se05_a_02_s_02_b_02_t_02_x_02_c_sXOR_ABA2AF_afinput_exp_acyclic_depvary_step2_batch_yyy07_20_71.apx.normal.bnet,OK,1.52,423124,0
adfgen_nacyc_se05_a_02_s_02_b_02_t_02_x_02_c_sXOR_ABA2AF_afinput_exp_acyclic_depvary_step2_batch_yyy08_23_147.apx.normal.bnet,OK,1.99,435780,0
adfgen_nacyc_se05_a_02_s_02_b_02_t_02_x_02_c_sXOR_ABA2AF_afinput_exp_acyclic_depvary_step2_batch_yyy10_19_119.apx.normal.bnet,OK,1.66,432348,0
adfgen_nacyc_se05_a_02_s_02_b_02_t_02_x_02_c_sXOR_ABA2AF_afinput_exp_acyclic_depvary_step3_batch_yyy06_42_655.apx.normal.bnet,OK,4.01,600480,0
Small-result-b90.apx.graph.normal.bnet,ERROR,1147.07,40965624,0
adfgen_nacyc_se05_a_02_s_02_b_02_t_02_x_02_c_sXOR_ABA2AF_afinput_exp_acyclic_depvary_step3_batch_yyy07_43_1168.apx.normal.bnet,OK,8.33,1426344,0
adfgen_nacyc_se05_a_02_s_02_b_02_t_02_x_02_c_sXOR_ABA2AF_afinput_exp_acyclic_depvary_step5_batch_yyy06_29_57.apx.normal.bnet,OK,1.93,418244,0
adfgen_nacyc_se05_a_02_s_02_b_02_t_02_x_02_c_sXOR_ABA2AF_afinput_exp_acyclic_depvary_step4_batch_yyy10_43_637.apx.normal.bnet,OK,5.40,736512,0
adfgen_nacyc_se05_a_02_s_02_b_02_t_02_x_02_c_sXOR_ABA2AF_afinput_exp_acyclic_depvary_step3_batch_yyy10_57_2247.apx.normal.bnet,OK,12.93,3767716,0
adfgen_nacyc_se05_a_02_s_02_b_02_t_02_x_02_c_sXOR_ABA2AF_afinput_exp_acyclic_depvary_step4_batch_yyy04_69_2696.apx.normal.bnet,OK,15.27,3759752,0
adfgen_nacyc_se05_a_02_s_02_b_02_t_02_x_02_c_sXOR_ABA2AF_afinput_exp_acyclic_depvary_step4_batch_yyy08_83_4977.apx.normal.bnet,OK,35.96,3891124,0
adfgen_nacyc_se05_a_02_s_02_b_02_t_02_x_02_c_sXOR_ABA2AF_afinput_exp_acyclic_depvary_step7_batch_yyy04_50_543.apx.normal.bnet,OK,5.35,611792,0
adfgen_nacyc_se05_a_02_s_02_b_02_t_02_x_02_c_sXOR_ABA2AF_afinput_exp_acyclic_indvary1_step1_batch_yyy07_39_661.apx.normal.bnet,OK,6.19,756404,0
adfgen_nacyc_se05_a_02_s_02_b_02_t_02_x_02_c_sXOR_ABA2AF_afinput_exp_acyclic_indvary1_step1_batch_yyy08_39_869.apx.normal.bnet,OK,7.55,856916,0
adfgen_nacyc_se05_a_02_s_02_b_02_t_02_x_02_c_sXOR_ABA2AF_afinput_exp_acyclic_depvary_step6_batch_yyy08_120_8700.apx.normal.bnet,OK,62.03,5570032,0
adfgen_nacyc_se05_a_02_s_02_b_02_t_02_x_02_c_sXOR_ABA2AF_afinput_exp_acyclic_depvary_step6_batch_yyy10_124_9640.apx.normal.bnet,OK,66.62,6575000,0
adfgen_nacyc_se05_a_02_s_02_b_02_t_02_x_02_c_sXOR_ABA2AF_afinput_exp_acyclic_depvary_step7_batch_yyy02_120_7092.apx.normal.bnet,OK,73.31,4821576,0
adfgen_nacyc_se05_a_02_s_02_b_02_t_02_x_02_c_sXOR_ABA2AF_afinput_exp_acyclic_indvary1_step3_batch_yyy07_32_242.apx.normal.bnet,OK,3.30,453924,0
adfgen_nacyc_se05_a_02_s_02_b_02_t_02_x_02_c_sXOR_ABA2AF_afinput_exp_acyclic_indvary1_step1_batch_yyy09_81_5112.apx.normal.bnet,OK,36.40,3945804,0
adfgen_nacyc_se05_a_02_s_02_b_02_t_02_x_02_c_sXOR_ABA2AF_afinput_exp_acyclic_depvary_step4_batch_yyy05_133_13885.apx.normal.bnet,OK,100.64,9026920,0
adfgen_nacyc_se05_a_02_s_02_b_02_t_02_x_02_c_sXOR_ABA2AF_afinput_exp_acyclic_indvary1_step3_batch_yyy01_77_3320.apx.normal.bnet,OK,25.74,3772176,0
adfgen_nacyc_se05_a_02_s_02_b_02_t_02_x_02_c_sXOR_ABA2AF_afinput_exp_acyclic_indvary1_step4_batch_yyy01_26_109.apx.normal.bnet,OK,2.69,424548,0
adfgen_nacyc_se05_a_02_s_02_b_02_t_02_x_02_c_sXOR_ABA2AF_afinput_exp_acyclic_indvary1_step5_batch_yyy05_28_112.apx.normal.bnet,OK,2.39,441256,0
adfgen_nacyc_se05_a_02_s_02_b_02_t_02_x_02_c_sXOR_ABA2AF_afinput_exp_acyclic_indvary1_step4_batch_yyy07_32_270.apx.normal.bnet,OK,2.93,467640,0
adfgen_nacyc_se05_a_02_s_02_b_02_t_02_x_02_c_sXOR_ABA2AF_afinput_exp_acyclic_indvary1_step6_batch_yyy01_28_111.apx.normal.bnet,OK,2.49,454428,0
adfgen_nacyc_se05_a_02_s_02_b_02_t_02_x_02_c_sXOR_ABA2AF_afinput_exp_acyclic_indvary1_step3_batch_yyy06_74_3427.apx.normal.bnet,OK,25.32,3774308,0
adfgen_nacyc_se05_a_02_s_02_b_02_t_02_x_02_c_sXOR_ABA2AF_afinput_exp_acyclic_indvary1_step6_batch_yyy03_25_55.apx.normal.bnet,OK,1.74,417088,0
adfgen_nacyc_se05_a_02_s_02_b_02_t_02_x_02_c_sXOR_ABA2AF_afinput_exp_acyclic_indvary1_step6_batch_yyy07_31_47.apx.normal.bnet,OK,1.74,423028,0
adfgen_nacyc_se05_a_02_s_02_b_02_t_02_x_02_c_sXOR_ABA2AF_afinput_exp_acyclic_indvary1_step6_batch_yyy06_34_135.apx.normal.bnet,OK,2.01,443928,0
adfgen_nacyc_se05_a_02_s_02_b_02_t_02_x_02_c_sXOR_ABA2AF_afinput_exp_acyclic_indvary1_step6_batch_yyy08_35_52.apx.normal.bnet,OK,1.72,421424,0
adfgen_nacyc_se05_a_02_s_02_b_02_t_02_x_02_c_sXOR_ABA2AF_afinput_exp_acyclic_indvary1_step3_batch_yyy08_59_2319.apx.normal.bnet,OK,14.19,3759016,0
adfgen_nacyc_se05_a_02_s_02_b_02_t_02_x_02_c_sXOR_ABA2AF_afinput_exp_acyclic_indvary1_step7_batch_yyy07_26_19.apx.normal.bnet,OK,1.33,415420,0
adfgen_nacyc_se05_a_02_s_02_b_02_t_02_x_02_c_sXOR_ABA2AF_afinput_exp_acyclic_indvary1_step7_batch_yyy08_25_40.apx.normal.bnet,OK,1.88,415376,0
adfgen_nacyc_se05_a_02_s_02_b_02_t_02_x_02_c_sXOR_ABA2AF_afinput_exp_acyclic_indvary1_step7_batch_yyy06_50_423.apx.normal.bnet,OK,2.80,516076,0
adfgen_nacyc_se05_a_02_s_02_b_02_t_02_x_02_c_sXOR_ABA2AF_afinput_exp_acyclic_indvary1_step8_batch_yyy02_34_80.apx.normal.bnet,OK,1.64,417804,0
adfgen_nacyc_se05_a_02_s_02_b_02_t_02_x_02_c_sXOR_ABA2AF_afinput_exp_acyclic_indvary1_step8_batch_yyy03_25_20.apx.normal.bnet,OK,1.23,419676,0
adfgen_nacyc_se05_a_02_s_02_b_02_t_02_x_02_c_sXOR_ABA2AF_afinput_exp_acyclic_indvary1_step8_batch_yyy04_23_34.apx.normal.bnet,OK,1.12,412680,0
adfgen_nacyc_se05_a_02_s_02_b_02_t_02_x_02_c_sXOR_ABA2AF_afinput_exp_acyclic_indvary1_step8_batch_yyy05_30_33.apx.normal.bnet,OK,1.55,417240,0
adfgen_nacyc_se05_a_02_s_02_b_02_t_02_x_02_c_sXOR_ABA2AF_afinput_exp_acyclic_indvary1_step8_batch_yyy10_37_163.apx.normal.bnet,OK,2.03,442980,0
adfgen_nacyc_se05_a_02_s_02_b_02_t_02_x_02_c_sXOR_ABA2AF_afinput_exp_acyclic_indvary2_step1_batch_yyy09_29_309.apx.normal.bnet,OK,3.14,495024,0
adfgen_nacyc_se05_a_02_s_02_b_02_t_02_x_02_c_sXOR_ABA2AF_afinput_exp_acyclic_indvary2_step1_batch_yyy02_51_886.apx.normal.bnet,OK,4.39,842004,0
adfgen_nacyc_se05_a_02_s_02_b_02_t_02_x_02_c_sXOR_ABA2AF_afinput_exp_acyclic_indvary3_step1_batch_yyy03_43_614.apx.normal.bnet,OK,4.12,681012,0
adfgen_nacyc_se05_a_02_s_02_b_02_t_02_x_02_c_sXOR_ABA2AF_afinput_exp_acyclic_indvary3_step1_batch_yyy07_33_173.apx.normal.bnet,OK,2.39,438628,0
adfgen_nacyc_se05_a_02_s_02_b_02_t_02_x_02_c_sXOR_ABA2AF_afinput_exp_acyclic_indvary3_step1_batch_yyy05_38_345.apx.normal.bnet,OK,3.11,508468,0
adfgen_nacyc_se05_a_02_s_02_b_02_t_02_x_02_c_sXOR_ABA2AF_afinput_exp_acyclic_indvary3_step1_batch_yyy09_28_192.apx.normal.bnet,OK,2.19,455140,0
adfgen_nacyc_se05_a_02_s_02_b_02_t_02_x_02_c_sXOR_ABA2AF_afinput_exp_acyclic_indvary3_step2_batch_yyy06_25_26.apx.normal.bnet,OK,1.46,424468,0
adfgen_nacyc_se05_a_02_s_02_b_02_t_02_x_02_c_sXOR_ABA2AF_afinput_exp_acyclic_indvary3_step2_batch_yyy07_24_49.apx.normal.bnet,OK,1.57,421732,0
adfgen_nacyc_se05_a_02_s_02_b_02_t_02_x_02_c_sXOR_ABA2AF_afinput_exp_acyclic_indvary3_step2_batch_yyy02_37_293.apx.normal.bnet,OK,2.48,467176,0
adfgen_nacyc_se05_a_02_s_02_b_02_t_02_x_02_c_sXOR_ABA2AF_afinput_exp_acyclic_indvary3_step2_batch_yyy04_34_251.apx.normal.bnet,OK,2.30,462256,0
adfgen_nacyc_se05_a_02_s_02_b_02_t_02_x_02_c_sXOR_ABA2AF_afinput_exp_acyclic_indvary3_step3_batch_yyy02_22_31.apx.normal.bnet,OK,1.14,408312,0
adfgen_nacyc_se05_a_02_s_02_b_02_t_02_x_02_c_sXOR_ABA2AF_afinput_exp_acyclic_indvary3_step3_batch_yyy04_23_119.apx.normal.bnet,OK,1.75,427200,0
adfgen_nacyc_se05_a_02_s_02_b_02_t_02_x_02_c_sXOR_ABA2AF_afinput_exp_acyclic_indvary3_step3_batch_yyy05_19_23.apx.normal.bnet,OK,1.56,417680,0
adfgen_nacyc_se05_a_02_s_02_b_02_t_02_x_02_c_sXOR_ABA2AF_afinput_exp_cycles_depvary_step1_batch_yyy01_13_63.apx.normal.bnet,OK,1.40,416552,0
adfgen_nacyc_se05_a_02_s_02_b_02_t_02_x_02_c_sXOR_ABA2AF_afinput_exp_cycles_depvary_step1_batch_yyy02_14_83.apx.normal.bnet,OK,1.61,413932,0
adfgen_nacyc_se05_a_02_s_02_b_02_t_02_x_02_c_sXOR_ABA2AF_afinput_exp_cycles_depvary_step1_batch_yyy03_9_20.apx.normal.bnet,OK,1.29,411936,0
adfgen_nacyc_se05_a_02_s_02_b_02_t_02_x_02_c_sXOR_ABA2AF_afinput_exp_cycles_depvary_step1_batch_yyy04_10_22.apx.normal.bnet,OK,1.27,409248,0
adfgen_nacyc_se05_a_02_s_02_b_02_t_02_x_02_c_sXOR_ABA2AF_afinput_exp_cycles_depvary_step1_batch_yyy06_10_27.apx.normal.bnet,OK,1.31,406044,0
adfgen_nacyc_se05_a_02_s_02_b_02_t_02_x_02_c_sXOR_ABA2AF_afinput_exp_cycles_depvary_step1_batch_yyy10_8_13.apx.normal.bnet,OK,1.21,405768,0
adfgen_nacyc_se05_a_02_s_02_b_02_t_02_x_02_c_sXOR_ABA2AF_afinput_exp_cycles_depvary_step1_batch_yyy09_10_48.apx.normal.bnet,OK,1.28,409652,0
adfgen_nacyc_se05_a_02_s_02_b_02_t_02_x_02_c_sXOR_ABA2AF_afinput_exp_cycles_depvary_step2_batch_yyy03_26_394.apx.normal.bnet,OK,3.14,492676,0
adfgen_nacyc_se05_a_02_s_02_b_02_t_02_x_02_c_sXOR_ABA2AF_afinput_exp_cycles_depvary_step2_batch_yyy06_27_308.apx.normal.bnet,OK,3.21,472412,0
adfgen_nacyc_se05_a_02_s_02_b_02_t_02_x_02_c_sXOR_ABA2AF_afinput_exp_cycles_depvary_step2_batch_yyy05_35_596.apx.normal.bnet,OK,3.81,606120,0
adfgen_nacyc_se05_a_02_s_02_b_02_t_02_x_02_c_sXOR_ABA2AF_afinput_exp_cycles_depvary_step2_batch_yyy09_23_151.apx.normal.bnet,OK,2.16,439608,0
adfgen_nacyc_se05_a_02_s_02_b_02_t_02_x_02_c_sXOR_ABA2AF_afinput_exp_cycles_depvary_step2_batch_yyy08_42_1081.apx.normal.bnet,OK,6.37,1421628,0
adfgen_nacyc_se05_a_02_s_02_b_02_t_02_x_02_c_sXOR_ABA2AF_afinput_exp_cycles_depvary_step2_batch_yyy10_42_992.apx.normal.bnet,OK,6.47,1081784,0
adfgen_nacyc_se05_a_02_s_02_b_02_t_02_x_02_c_sXOR_ABA2AF_afinput_exp_acyclic_depvary_step5_batch_yyy07_130_12111.apx.normal.bnet,OK,127.03,10259960,0
adfgen_nacyc_se05_a_02_s_02_b_02_t_02_x_02_c_sXOR_ABA2AF_afinput_exp_cycles_indvary1_step4_batch_yyy01_67_2668.apx.normal.bnet,OK,16.51,3767876,0
adfgen_nacyc_se05_a_02_s_02_b_02_t_02_x_02_c_sXOR_ABA2AF_afinput_exp_cycles_depvary_step2_batch_yyy02_76_5081.apx.normal.bnet,OK,36.48,3884828,0
adfgen_nacyc_se05_a_02_s_02_b_02_t_02_x_02_c_sXOR_ABA2AF_afinput_exp_cycles_indvary1_step1_batch_yyy10_76_4339.apx.normal.bnet,OK,32.26,3860472,0
adfgen_nacyc_se05_a_02_s_02_b_02_t_02_x_02_c_sXOR_ABA2AF_afinput_exp_cycles_indvary1_step5_batch_yyy01_41_338.apx.normal.bnet,OK,4.43,475500,0
adfgen_nacyc_se05_a_02_s_02_b_02_t_02_x_02_c_sXOR_ABA2AF_afinput_exp_cycles_indvary1_step4_batch_yyy09_64_1772.apx.normal.bnet,OK,13.84,3754280,0
adfgen_nacyc_se05_a_02_s_02_b_02_t_02_x_02_c_sXOR_ABA2AF_afinput_exp_cycles_indvary1_step5_batch_yyy04_61_1113.apx.normal.bnet,OK,11.83,2123276,0
adfgen_nacyc_se05_a_02_s_02_b_02_t_02_x_02_c_sXOR_ABA2AF_afinput_exp_cycles_indvary1_step5_batch_yyy05_64_1538.apx.normal.bnet,OK,14.00,3418088,0
adfgen_nacyc_se05_a_02_s_02_b_02_t_02_x_02_c_sXOR_ABA2AF_afinput_exp_cycles_indvary1_step6_batch_yyy01_31_112.apx.normal.bnet,OK,3.27,432556,0
adfgen_nacyc_se05_a_02_s_02_b_02_t_02_x_02_c_sXOR_ABA2AF_afinput_exp_cycles_indvary1_step5_batch_yyy08_70_2490.apx.normal.bnet,OK,17.04,3761028,0
adfgen_nacyc_se05_a_02_s_02_b_02_t_02_x_02_c_sXOR_ABA2AF_afinput_exp_cycles_indvary1_step6_batch_yyy06_42_666.apx.normal.bnet,OK,7.28,856728,0
adfgen_nacyc_se05_a_02_s_02_b_02_t_02_x_02_c_sXOR_ABA2AF_afinput_exp_cycles_indvary1_step6_batch_yyy09_27_61.apx.normal.bnet,OK,2.13,418996,0
adfgen_nacyc_se05_a_02_s_02_b_02_t_02_x_02_c_sXOR_ABA2AF_afinput_exp_cycles_indvary1_step7_batch_yyy02_31_117.apx.normal.bnet,OK,3.10,426508,0
adfgen_nacyc_se05_a_02_s_02_b_02_t_02_x_02_c_sXOR_ABA2AF_afinput_exp_cycles_indvary1_step7_batch_yyy06_27_116.apx.normal.bnet,OK,2.79,424668,0
adfgen_nacyc_se05_a_02_s_02_b_02_t_02_x_02_c_sXOR_ABA2AF_afinput_exp_cycles_indvary1_step7_batch_yyy07_29_81.apx.normal.bnet,OK,2.69,434880,0
adfgen_nacyc_se05_a_02_s_02_b_02_t_02_x_02_c_sXOR_ABA2AF_afinput_exp_cycles_indvary1_step1_batch_yyy08_118_11977.apx.normal.bnet,OK,77.62,10141096,0
adfgen_nacyc_se05_a_02_s_02_b_02_t_02_x_02_c_sXOR_ABA2AF_afinput_exp_cycles_indvary1_step7_batch_yyy10_33_64.apx.normal.bnet,OK,2.09,443096,0
adfgen_nacyc_se05_a_02_s_02_b_02_t_02_x_02_c_sXOR_ABA2AF_afinput_exp_cycles_indvary1_step8_batch_yyy03_37_126.apx.normal.bnet,OK,2.60,470668,0
adfgen_nacyc_se05_a_02_s_02_b_02_t_02_x_02_c_sXOR_ABA2AF_afinput_exp_cycles_indvary1_step8_batch_yyy05_31_90.apx.normal.bnet,OK,2.29,434104,0
adfgen_nacyc_se05_a_02_s_02_b_02_t_02_x_02_c_sXOR_ABA2AF_afinput_exp_cycles_indvary1_step8_batch_yyy06_30_157.apx.normal.bnet,OK,2.15,434056,0
adfgen_nacyc_se05_a_02_s_02_b_02_t_02_x_02_c_sXOR_ABA2AF_afinput_exp_cycles_indvary1_step4_batch_yyy07_108_8869.apx.normal.bnet,OK,60.78,6905004,0
adfgen_nacyc_se05_a_02_s_02_b_02_t_02_x_02_c_sXOR_ABA2AF_afinput_exp_cycles_indvary3_step1_batch_yyy08_37_258.apx.normal.bnet,OK,3.61,480588,0
adfgen_nacyc_se05_a_02_s_02_b_02_t_02_x_02_c_sXOR_ABA2AF_afinput_exp_cycles_indvary3_step2_batch_yyy03_40_203.apx.normal.bnet,OK,2.85,467324,0
adfgen_nacyc_se05_a_02_s_02_b_02_t_02_x_02_c_sXOR_ABA2AF_afinput_exp_cycles_indvary3_step2_batch_yyy04_37_359.apx.normal.bnet,OK,3.88,523188,0
adfgen_nacyc_se05_a_02_s_02_b_02_t_02_x_02_c_sXOR_ABA2AF_afinput_exp_cycles_indvary3_step2_batch_yyy07_35_338.apx.normal.bnet,OK,3.30,485392,0
adfgen_nacyc_se05_a_02_s_02_b_02_t_02_x_02_c_sXOR_ABA2AF_afinput_exp_cycles_indvary3_step2_batch_yyy01_59_1785.apx.normal.bnet,OK,10.75,3568460,0
adfgen_nacyc_se05_a_02_s_02_b_02_t_02_x_02_c_sXOR_ABA2AF_afinput_exp_cycles_indvary3_step2_batch_yyy10_28_139.apx.normal.bnet,OK,2.36,436284,0
adfgen_nacyc_se05_a_02_s_02_b_02_t_02_x_02_c_sXOR_ABA2AF_afinput_exp_cycles_depvary_step6_batch_yyy02_137_12577.apx.normal.bnet,OK,96.56,9540088,0
adfgen_nacyc_se05_a_02_s_02_b_02_t_02_x_02_c_sXOR_ABA2AF_afinput_exp_cycles_indvary1_step4_batch_yyy03_127_12544.apx.normal.bnet,OK,87.22,9234448,0
adfgen_nacyc_se05_a_02_s_02_b_02_t_02_x_02_c_sXOR_Planning2AF_bw2.pfile-3-02.pddl.1.cnf_266_495.apx.normal.bnet,OK,4.41,585488,0
adfgen_nacyc_se05_a_02_s_02_b_02_t_02_x_02_c_sXOR_Planning2AF_bw2.pfile-3-02.pddl.2.cnf_161_285.apx.normal.bnet,OK,2.56,475300,0
adfgen_nacyc_se05_a_02_s_02_b_02_t_02_x_02_c_sXOR_Planning2AF_bw2.pfile-3-02.pddl.3.cnf_282_461.apx.normal.bnet,OK,3.65,504720,0
adfgen_nacyc_se05_a_02_s_02_b_02_t_02_x_02_c_sXOR_Planning2AF_bw2.pfile-3-02.pddl.4.cnf_247_391.apx.normal.bnet,OK,3.12,565084,0
adfgen_nacyc_se05_a_02_s_02_b_02_t_02_x_02_c_sXOR_Planning2AF_bw2.pfile-3-05.pddl.2.cnf_162_287.apx.normal.bnet,OK,2.59,497796,0
adfgen_nacyc_se05_a_02_s_02_b_02_t_02_x_02_c_sXOR_Planning2AF_bw2.pfile-3-03.pddl.1.cnf_266_494.apx.normal.bnet,OK,3.57,529808,0
adfgen_nacyc_se05_a_02_s_02_b_02_t_02_x_02_c_sXOR_Planning2AF_bw2.pfile-3-05.pddl.1.cnf_267_497.apx.normal.bnet,OK,3.66,526276,0
adfgen_nacyc_se05_a_02_s_02_b_02_t_02_x_02_c_sXOR_Planning2AF_bw2.pfile-3-05.pddl.3.cnf_283_462.apx.normal.bnet,OK,2.73,599984,0
adfgen_nacyc_se05_a_02_s_02_b_02_t_02_x_02_c_sXOR_Planning2AF_bw2.pfile-3-05.pddl.4.cnf_248_392.apx.normal.bnet,OK,3.58,516740,0
adfgen_nacyc_se05_a_02_s_02_b_02_t_02_x_02_c_sXOR_Planning2AF_bw2.pfile-3-07.pddl.1.cnf_265_493.apx.normal.bnet,OK,3.24,550584,0
adfgen_nacyc_se05_a_02_s_02_b_02_t_02_x_02_c_sXOR_Planning2AF_bw2.pfile-3-07.pddl.2.cnf_160_284.apx.normal.bnet,OK,2.71,469160,0
adfgen_nacyc_se05_a_02_s_02_b_02_t_02_x_02_c_sXOR_Planning2AF_bw2.pfile-3-07.pddl.3.cnf_281_460.apx.normal.bnet,OK,3.07,527956,0
adfgen_nacyc_se05_a_02_s_02_b_02_t_02_x_02_c_sXOR_Planning2AF_bw2.pfile-3-07.pddl.4.cnf_246_390.apx.normal.bnet,OK,3.16,539180,0
adfgen_nacyc_se05_a_02_s_02_b_02_t_02_x_02_c_sXOR_ABA2AF_afinput_exp_cycles_indvary3_step1_batch_yyy02_83_4266.apx.normal.bnet,OK,23.86,3895468,0
adfgen_nacyc_se05_a_02_s_02_b_02_t_02_x_02_c_sXOR_Planning2AF_bw2.pfile-3-08.pddl.2.cnf_161_285.apx.normal.bnet,OK,2.62,513720,0
adfgen_nacyc_se05_a_02_s_02_b_02_t_02_x_02_c_sXOR_Planning2AF_bw2.pfile-3-08.pddl.1.cnf_266_495.apx.normal.bnet,OK,3.52,514512,0
adfgen_nacyc_se05_a_02_s_02_b_02_t_02_x_02_c_sXOR_Planning2AF_bw2.pfile-3-08.pddl.3.cnf_282_461.apx.normal.bnet,OK,3.08,507272,0
adfgen_nacyc_se05_a_02_s_02_b_02_t_02_x_02_c_sXOR_Planning2AF_ferry2.pfile-L2-C1-01.pddl.1.cnf_86_136.apx.normal.bnet,OK,1.75,428232,0
adfgen_nacyc_se05_a_02_s_02_b_02_t_02_x_02_c_sXOR_Planning2AF_bw2.pfile-3-08.pddl.4.cnf_247_391.apx.normal.bnet,OK,2.62,489348,0
adfgen_nacyc_se05_a_02_s_02_b_02_t_02_x_02_c_sXOR_Planning2AF_ferry2.pfile-L2-C1-01.pddl.2.cnf_160_279.apx.normal.bnet,OK,1.94,502740,0
adfgen_nacyc_se05_a_02_s_02_b_02_t_02_x_02_c_sXOR_Planning2AF_ferry2.pfile-L2-C1-010.pddl.1.cnf_86_136.apx.normal.bnet,OK,1.92,456148,0
adfgen_nacyc_se05_a_02_s_02_b_02_t_02_x_02_c_sXOR_Planning2AF_ferry2.pfile-L2-C1-02.pddl.1.cnf_86_136.apx.normal.bnet,OK,1.82,440348,0
adfgen_nacyc_se05_a_02_s_02_b_02_t_02_x_02_c_sXOR_Planning2AF_ferry2.pfile-L2-C1-02.pddl.2.cnf_160_279.apx.normal.bnet,OK,2.13,448192,0
adfgen_nacyc_se05_a_02_s_02_b_02_t_02_x_02_c_sXOR_Planning2AF_ferry2.pfile-L2-C1-03.pddl.1.cnf_123_211.apx.normal.bnet,OK,1.99,458348,0
adfgen_nacyc_se05_a_02_s_02_b_02_t_02_x_02_c_sXOR_Planning2AF_ferry2.pfile-L2-C1-03.pddl.2.cnf_131_227.apx.normal.bnet,OK,2.17,488436,0
adfgen_nacyc_se05_a_02_s_02_b_02_t_02_x_02_c_sXOR_Planning2AF_ferry2.pfile-L2-C1-03.pddl.3.cnf_205_334.apx.normal.bnet,OK,2.31,461048,0
adfgen_nacyc_se05_a_02_s_02_b_02_t_02_x_02_c_sXOR_Planning2AF_ferry2.pfile-L2-C1-03.pddl.4.cnf_175_274.apx.normal.bnet,OK,1.96,519644,0
adfgen_nacyc_se05_a_02_s_02_b_02_t_02_x_02_c_sXOR_Planning2AF_ferry2.pfile-L2-C1-03.pddl.5.cnf_213_361.apx.normal.bnet,OK,2.67,519004,0
adfgen_nacyc_se05_a_02_s_02_b_02_t_02_x_02_c_sXOR_Planning2AF_ferry2.pfile-L2-C1-04.pddl.1.cnf_123_211.apx.normal.bnet,OK,2.04,474164,0
adfgen_nacyc_se05_a_02_s_02_b_02_t_02_x_02_c_sXOR_Planning2AF_ferry2.pfile-L2-C1-04.pddl.2.cnf_131_227.apx.normal.bnet,OK,2.14,463368,0
adfgen_nacyc_se05_a_02_s_02_b_02_t_02_x_02_c_sXOR_Planning2AF_ferry2.pfile-L2-C1-03.pddl.6.cnf_219_359.apx.normal.bnet,OK,2.51,491884,0
adfgen_nacyc_se05_a_02_s_02_b_02_t_02_x_02_c_sXOR_Planning2AF_ferry2.pfile-L2-C1-04.pddl.3.cnf_205_334.apx.normal.bnet,OK,2.52,466856,0
adfgen_nacyc_se05_a_02_s_02_b_02_t_02_x_02_c_sXOR_Planning2AF_ferry2.pfile-L2-C1-04.pddl.4.cnf_175_274.apx.normal.bnet,OK,2.31,537096,0
adfgen_nacyc_se05_a_02_s_02_b_02_t_02_x_02_c_sXOR_Planning2AF_ferry2.pfile-L2-C1-04.pddl.5.cnf_213_361.apx.normal.bnet,OK,2.51,508832,0
adfgen_nacyc_se05_a_02_s_02_b_02_t_02_x_02_c_sXOR_Planning2AF_ferry2.pfile-L2-C1-05.pddl.1.cnf_123_211.apx.normal.bnet,OK,2.05,473420,0
adfgen_nacyc_se05_a_02_s_02_b_02_t_02_x_02_c_sXOR_Planning2AF_ferry2.pfile-L2-C1-05.pddl.2.cnf_131_227.apx.normal.bnet,OK,1.99,489448,0
adfgen_nacyc_se05_a_02_s_02_b_02_t_02_x_02_c_sXOR_Planning2AF_ferry2.pfile-L2-C1-04.pddl.6.cnf_219_359.apx.normal.bnet,OK,2.51,554580,0
adfgen_nacyc_se05_a_02_s_02_b_02_t_02_x_02_c_sXOR_Planning2AF_ferry2.pfile-L2-C1-05.pddl.3.cnf_205_334.apx.normal.bnet,OK,1.65,453836,0
adfgen_nacyc_se05_a_02_s_02_b_02_t_02_x_02_c_sXOR_Planning2AF_ferry2.pfile-L2-C1-05.pddl.4.cnf_175_274.apx.normal.bnet,OK,1.70,464044,0
adfgen_nacyc_se05_a_02_s_02_b_02_t_02_x_02_c_sXOR_Planning2AF_ferry2.pfile-L2-C1-06.pddl.1.cnf_86_136.apx.normal.bnet,OK,1.76,502636,0
adfgen_nacyc_se05_a_02_s_02_b_02_t_02_x_02_c_sXOR_Planning2AF_ferry2.pfile-L2-C1-07.pddl.1.cnf_86_136.apx.normal.bnet,OK,1.70,426616,0
adfgen_nacyc_se05_a_02_s_02_b_02_t_02_x_02_c_sXOR_Planning2AF_ferry2.pfile-L2-C1-06.pddl.2.cnf_160_279.apx.normal.bnet,OK,2.19,452560,0
adfgen_nacyc_se05_a_02_s_02_b_02_t_02_x_02_c_sXOR_Planning2AF_ferry2.pfile-L2-C1-05.pddl.6.cnf_219_359.apx.normal.bnet,OK,2.56,484048,0
adfgen_nacyc_se05_a_02_s_02_b_02_t_02_x_02_c_sXOR_Planning2AF_ferry2.pfile-L2-C1-05.pddl.5.cnf_213_361.apx.normal.bnet,OK,2.61,477560,0
adfgen_nacyc_se05_a_02_s_02_b_02_t_02_x_02_c_sXOR_Planning2AF_ferry2.pfile-L2-C1-07.pddl.2.cnf_160_279.apx.normal.bnet,OK,1.88,451880,0
adfgen_nacyc_se05_a_02_s_02_b_02_t_02_x_02_c_sXOR_Planning2AF_ferry2.pfile-L2-C1-08.pddl.1.cnf_86_136.apx.normal.bnet,OK,1.92,475396,0
adfgen_nacyc_se05_a_02_s_02_b_02_t_02_x_02_c_sXOR_Planning2AF_ferry2.pfile-L2-C1-09.pddl.1.cnf_123_211.apx.normal.bnet,OK,1.75,451360,0
adfgen_nacyc_se05_a_02_s_02_b_02_t_02_x_02_c_sXOR_Planning2AF_ferry2.pfile-L2-C1-08.pddl.2.cnf_160_279.apx.normal.bnet,OK,2.13,461212,0
adfgen_nacyc_se05_a_02_s_02_b_02_t_02_x_02_c_sXOR_Planning2AF_ferry2.pfile-L2-C1-09.pddl.2.cnf_131_227.apx.normal.bnet,OK,1.91,444968,0
adfgen_nacyc_se05_a_02_s_02_b_02_t_02_x_02_c_sXOR_Planning2AF_ferry2.pfile-L2-C1-09.pddl.4.cnf_175_274.apx.normal.bnet,OK,2.05,464072,0
adfgen_nacyc_se05_a_02_s_02_b_02_t_02_x_02_c_sXOR_Planning2AF_ferry2.pfile-L2-C1-09.pddl.3.cnf_205_334.apx.normal.bnet,OK,2.29,473672,0
adfgen_nacyc_se05_a_02_s_02_b_02_t_02_x_02_c_sXOR_Planning2AF_ferry2.pfile-L2-C1-09.pddl.5.cnf_213_361.apx.normal.bnet,OK,2.95,508856,0
adfgen_nacyc_se05_a_02_s_02_b_02_t_02_x_02_c_sXOR_Planning2AF_ferry2.pfile-L2-C2-01.pddl.1.cnf_221_402.apx.normal.bnet,OK,2.73,488440,0
adfgen_nacyc_se05_a_02_s_02_b_02_t_02_x_02_c_sXOR_Planning2AF_ferry2.pfile-L2-C2-01.pddl.2.cnf_239_432.apx.normal.bnet,OK,2.67,507776,0
adfgen_nacyc_se05_a_02_s_02_b_02_t_02_x_02_c_sXOR_Planning2AF_ferry2.pfile-L2-C2-010.pddl.1.cnf_135_220.apx.normal.bnet,OK,2.08,452676,0
adfgen_nacyc_se05_a_02_s_02_b_02_t_02_x_02_c_sXOR_Planning2AF_ferry2.pfile-L2-C2-01.pddl.4.cnf_285_462.apx.normal.bnet,OK,2.64,493208,0
adfgen_nacyc_se05_a_02_s_02_b_02_t_02_x_02_c_sXOR_Planning2AF_ferry2.pfile-L2-C2-010.pddl.2.cnf_276_500.apx.normal.bnet,OK,3.44,600156,0
adfgen_nacyc_se05_a_02_s_02_b_02_t_02_x_02_c_sXOR_Planning2AF_ferry2.pfile-L2-C2-02.pddl.1.cnf_135_220.apx.normal.bnet,OK,2.12,480328,0
adfgen_nacyc_se05_a_02_s_02_b_02_t_02_x_02_c_sXOR_Planning2AF_ferry2.pfile-L2-C2-03.pddl.1.cnf_135_220.apx.normal.bnet,OK,2.35,478536,0
adfgen_nacyc_se05_a_02_s_02_b_02_t_02_x_02_c_sXOR_Planning2AF_ferry2.pfile-L2-C2-04.pddl.1.cnf_221_402.apx.normal.bnet,OK,2.87,502576,0
adfgen_nacyc_se05_a_02_s_02_b_02_t_02_x_02_c_sXOR_Planning2AF_ferry2.pfile-L2-C2-02.pddl.2.cnf_276_500.apx.normal.bnet,OK,3.15,536624,0
adfgen_nacyc_se05_a_02_s_02_b_02_t_02_x_02_c_sXOR_Planning2AF_ferry2.pfile-L2-C2-03.pddl.2.cnf_276_500.apx.normal.bnet,OK,3.44,562540,0
adfgen_nacyc_se05_a_02_s_02_b_02_t_02_x_02_c_sXOR_Planning2AF_ferry2.pfile-L2-C2-04.pddl.2.cnf_239_432.apx.normal.bnet,OK,2.84,496708,0
adfgen_nacyc_se05_a_02_s_02_b_02_t_02_x_02_c_sXOR_Planning2AF_ferry2.pfile-L2-C2-04.pddl.4.cnf_285_462.apx.normal.bnet,OK,3.07,559172,0
adfgen_nacyc_se05_a_02_s_02_b_02_t_02_x_02_c_sXOR_Planning2AF_ferry2.pfile-L2-C2-05.pddl.1.cnf_135_220.apx.normal.bnet,OK,2.27,461816,0
adfgen_nacyc_se05_a_02_s_02_b_02_t_02_x_02_c_sXOR_Planning2AF_ferry2.pfile-L2-C2-06.pddl.1.cnf_221_402.apx.normal.bnet,OK,2.87,602644,0
adfgen_nacyc_se05_a_02_s_02_b_02_t_02_x_02_c_sXOR_Planning2AF_ferry2.pfile-L2-C2-06.pddl.2.cnf_239_432.apx.normal.bnet,OK,3.05,603476,0
adfgen_nacyc_se05_a_02_s_02_b_02_t_02_x_02_c_sXOR_Planning2AF_ferry2.pfile-L2-C2-07.pddl.1.cnf_135_220.apx.normal.bnet,OK,2.22,467612,0
adfgen_nacyc_se05_a_02_s_02_b_02_t_02_x_02_c_sXOR_Planning2AF_ferry2.pfile-L2-C2-06.pddl.4.cnf_285_462.apx.normal.bnet,OK,3.11,538764,0
adfgen_nacyc_se05_a_02_s_02_b_02_t_02_x_02_c_sXOR_Planning2AF_ferry2.pfile-L2-C2-08.pddl.1.cnf_135_220.apx.normal.bnet,OK,1.75,445400,0
adfgen_nacyc_se05_a_02_s_02_b_02_t_02_x_02_c_sXOR_Planning2AF_ferry2.pfile-L2-C2-07.pddl.2.cnf_276_500.apx.normal.bnet,OK,2.36,522516,0
adfgen_nacyc_se05_a_02_s_02_b_02_t_02_x_02_c_sXOR_Planning2AF_ferry2.pfile-L2-C3-01.pddl.1.cnf_190_316.apx.normal.bnet,OK,2.38,464088,0
adfgen_nacyc_se05_a_02_s_02_b_02_t_02_x_02_c_sXOR_Planning2AF_ferry2.pfile-L2-C2-09.pddl.1.cnf_221_402.apx.normal.bnet,OK,2.98,498512,0
adfgen_nacyc_se05_a_02_s_02_b_02_t_02_x_02_c_sXOR_Planning2AF_ferry2.pfile-L2-C2-09.pddl.4.cnf_285_462.apx.normal.bnet,OK,3.06,507536,0
adfgen_nacyc_se05_a_02_s_02_b_02_t_02_x_02_c_sXOR_Planning2AF_ferry2.pfile-L2-C3-010.pddl.1.cnf_190_316.apx.normal.bnet,OK,2.49,518664,0
adfgen_nacyc_se05_a_02_s_02_b_02_t_02_x_02_c_sXOR_Planning2AF_ferry2.pfile-L2-C3-04.pddl.1.cnf_190_316.apx.normal.bnet,OK,2.25,473096,0
adfgen_nacyc_se05_a_02_s_02_b_02_t_02_x_02_c_sXOR_Planning2AF_ferry2.pfile-L2-C2-08.pddl.2.cnf_276_500.apx.normal.bnet,OK,3.33,563248,0
Small-result-b97.apx.graph.normal.bnet,TIMEOUT,1200.01,3280,124
adfgen_nacyc_se05_a_02_s_02_b_02_t_02_x_02_c_sXOR_Planning2AF_ferry2.pfile-L2-C3-08.pddl.1.cnf_190_316.apx.normal.bnet,OK,2.33,475256,0
adfgen_nacyc_se05_a_02_s_02_b_02_t_02_x_02_c_sXOR_Planning2AF_ferry2.pfile-L2-C4-01.pddl.1.cnf_251_424.apx.normal.bnet,OK,2.45,490296,0
adfgen_nacyc_se05_a_02_s_02_b_02_t_02_x_02_c_sXOR_Planning2AF_ferry2.pfile-L2-C4-02.pddl.1.cnf_251_424.apx.normal.bnet,OK,2.59,481852,0
adfgen_nacyc_se05_a_02_s_02_b_02_t_02_x_02_c_sXOR_Planning2AF_ferry2.pfile-L2-C4-010.pddl.1.cnf_251_424.apx.normal.bnet,OK,2.64,510136,0
adfgen_nacyc_se05_a_02_s_02_b_02_t_02_x_02_c_sXOR_Planning2AF_ferry2.pfile-L2-C4-08.pddl.1.cnf_251_424.apx.normal.bnet,OK,2.71,480908,0
adfgen_nacyc_se05_a_02_s_02_b_02_t_02_x_02_c_sXOR_Planning2AF_ferry2.pfile-L2-C4-05.pddl.1.cnf_251_424.apx.normal.bnet,OK,2.65,495792,0
adfgen_nacyc_se05_a_02_s_02_b_02_t_02_x_02_c_sXOR_Planning2AF_ferry2.pfile-L3-C1-01.pddl.1.cnf_164_287.apx.normal.bnet,OK,2.47,467860,0
adfgen_nacyc_se05_a_02_s_02_b_02_t_02_x_02_c_sXOR_Planning2AF_ferry2.pfile-L3-C1-010.pddl.1.cnf_233_430.apx.normal.bnet,OK,2.52,515764,0
adfgen_nacyc_se05_a_02_s_02_b_02_t_02_x_02_c_sXOR_Planning2AF_ferry2.pfile-L3-C1-03.pddl.1.cnf_164_287.apx.normal.bnet,OK,2.12,452348,0
adfgen_nacyc_se05_a_02_s_02_b_02_t_02_x_02_c_sXOR_Planning2AF_ferry2.pfile-L3-C1-02.pddl.1.cnf_164_287.apx.normal.bnet,OK,2.11,480052,0
adfgen_nacyc_se05_a_02_s_02_b_02_t_02_x_02_c_sXOR_Planning2AF_ferry2.pfile-L3-C1-010.pddl.4.cnf_281_463.apx.normal.bnet,OK,2.60,508272,0
adfgen_nacyc_se05_a_02_s_02_b_02_t_02_x_02_c_sXOR_Planning2AF_ferry2.pfile-L3-C1-04.pddl.1.cnf_233_430.apx.normal.bnet,OK,2.59,491676,0
adfgen_nacyc_se05_a_02_s_02_b_02_t_02_x_02_c_sXOR_Planning2AF_ferry2.pfile-L3-C1-010.pddl.2.cnf_273_507.apx.normal.bnet,OK,2.85,514728,0
adfgen_nacyc_se05_a_02_s_02_b_02_t_02_x_02_c_sXOR_Planning2AF_ferry2.pfile-L3-C1-04.pddl.2.cnf_273_507.apx.normal.bnet,OK,2.72,501492,0
adfgen_nacyc_se05_a_02_s_02_b_02_t_02_x_02_c_sXOR_Planning2AF_ferry2.pfile-L3-C1-05.pddl.1.cnf_164_287.apx.normal.bnet,OK,2.22,449844,0
adfgen_nacyc_se05_a_02_s_02_b_02_t_02_x_02_c_sXOR_Planning2AF_ferry2.pfile-L3-C1-07.pddl.1.cnf_164_287.apx.normal.bnet,OK,1.96,470124,0
adfgen_nacyc_se05_a_02_s_02_b_02_t_02_x_02_c_sXOR_Planning2AF_ferry2.pfile-L3-C1-08.pddl.1.cnf_164_287.apx.normal.bnet,OK,2.11,465980,0
adfgen_nacyc_se05_a_02_s_02_b_02_t_02_x_02_c_sXOR_Planning2AF_ferry2.pfile-L3-C1-04.pddl.4.cnf_281_463.apx.normal.bnet,OK,3.15,488400,0
adfgen_nacyc_se05_a_02_s_02_b_02_t_02_x_02_c_sXOR_Planning2AF_ferry2.pfile-L3-C1-09.pddl.1.cnf_164_287.apx.normal.bnet,OK,2.03,449304,0
adfgen_nacyc_se05_a_02_s_02_b_02_t_02_x_02_c_sXOR_Planning2AF_ferry2.pfile-L3-C2-04.pddl.1.cnf_229_406.apx.normal.bnet,OK,2.00,467980,0
adfgen_nacyc_se05_a_02_s_02_b_02_t_02_x_02_c_sXOR_Planning2AF_ferry2.pfile-L3-C2-03.pddl.1.cnf_229_406.apx.normal.bnet,OK,2.16,463224,0
adfgen_nacyc_se05_a_02_s_02_b_02_t_02_x_02_c_sXOR_Traffic_access-allegany-transit_20130327_1518.normalized.gml.50_42_76.apx.normal.bnet,OK,1.43,419844,0
adfgen_nacyc_se05_a_02_s_02_b_02_t_02_x_02_c_sXOR_Traffic_bay-area-rapid-transit_20151217_1022.gml.20_45_56.apx.normal.bnet,OK,1.65,412116,0
adfgen_nacyc_se05_a_02_s_02_b_02_t_02_x_02_c_sXOR_Traffic_anaheim-resort-transportation_20151217_1213.gml.50_81_171.apx.normal.bnet,OK,1.81,437076,0
adfgen_nacyc_se05_a_02_s_02_b_02_t_02_x_02_c_sXOR_Planning2AF_ferry2.pfile-L3-C2-06.pddl.1.cnf_229_406.apx.normal.bnet,OK,2.46,508220,0
adfgen_nacyc_se05_a_02_s_02_b_02_t_02_x_02_c_sXOR_Planning2AF_ferry2.pfile-L3-C2-09.pddl.1.cnf_229_406.apx.normal.bnet,OK,2.59,489880,0
adfgen_nacyc_se05_a_02_s_02_b_02_t_02_x_02_c_sXOR_Planning2AF_ferry2.pfile-L3-C2-05.pddl.1.cnf_229_406.apx.normal.bnet,OK,2.77,520808,0
adfgen_nacyc_se05_a_02_s_02_b_02_t_02_x_02_c_sXOR_Traffic_adamjernst_20081211_0356.normalized.gml.20_248_481.apx.normal.bnet,OK,2.72,496284,0
adfgen_nacyc_se05_a_02_s_02_b_02_t_02_x_02_c_sXOR_Traffic_benton-or-us.gml.80_25_56.apx.normal.bnet,OK,1.12,424152,0
adfgen_nacyc_se05_a_02_s_02_b_02_t_02_x_02_c_sXOR_Traffic_bay-town-trolley_20151216_1628.gml.20_198_277.apx.normal.bnet,OK,2.19,582552,0
adfgen_nacyc_se05_a_02_s_02_b_02_t_02_x_02_c_sXOR_Traffic_bustang_20151217_1135.gml.80_20_41.apx.normal.bnet,OK,1.09,411540,0
adfgen_nacyc_se05_a_02_s_02_b_02_t_02_x_02_c_sXOR_Traffic_caravan_or_2015-12-01.gml.50_19_32.apx.normal.bnet,OK,1.04,410436,0
adfgen_nacyc_se05_a_02_s_02_b_02_t_02_x_02_c_sXOR_Traffic_calaveras-transit_20151216_1707.gml.50_32_82.apx.normal.bnet,OK,1.17,416724,0
adfgen_nacyc_se05_a_02_s_02_b_02_t_02_x_02_c_sXOR_Traffic_beloit-transit-system_20150513_1515.gml.20_235_391.apx.normal.bnet,OK,2.06,514284,0
adfgen_nacyc_se05_a_02_s_02_b_02_t_02_x_02_c_sXOR_Traffic_cecil-transit_20151202_2004.gml.50_105_214.apx.normal.bnet,OK,1.21,428168,0
adfgen_nacyc_se05_a_02_s_02_b_02_t_02_x_02_c_sXOR_Traffic_cecil-transit_20151202_2004.gml.80_105_248.apx.normal.bnet,OK,2.00,438696,0
adfgen_nacyc_se05_a_02_s_02_b_02_t_02_x_02_c_sXOR_Traffic_comune-di-castellanza_20151218_2338.gml.80_35_96.apx.normal.bnet,OK,1.32,414276,0
adfgen_nacyc_se05_a_02_s_02_b_02_t_02_x_02_c_sXOR_Traffic_coos-county-area-transit_20151216_1739.gml.80_65_179.apx.normal.bnet,OK,1.42,420092,0
adfgen_nacyc_se05_a_02_s_02_b_02_t_02_x_02_c_sXOR_Traffic_city-of-lodi-transitgrapeline_20130618_0428.gml.80_169_417.apx.normal.bnet,OK,1.66,452232,0
adfgen_nacyc_se05_a_02_s_02_b_02_t_02_x_02_c_sXOR_Traffic_citygo_20090102_2309.gml.80_101_198.apx.normal.bnet,OK,1.68,425684,0
adfgen_nacyc_se05_a_02_s_02_b_02_t_02_x_02_c_sXOR_Traffic_cit-sorel-varennes_20150821_1708.gml.50_212_430.apx.normal.bnet,OK,1.86,452396,0
adfgen_nacyc_se05_a_02_s_02_b_02_t_02_x_02_c_sXOR_Traffic_commute.org_20140813_1738.gml.20_116_198.apx.normal.bnet,OK,1.55,435144,0
adfgen_nacyc_se05_a_02_s_02_b_02_t_02_x_02_c_sXOR_Traffic_corvallis2albany-or-us.gml.50_104_198.apx.normal.bnet,OK,1.83,437972,0
adfgen_nacyc_se05_a_02_s_02_b_02_t_02_x_02_c_sXOR_Traffic_duke-university_20150227_1733.gml.80_110_268.apx.normal.bnet,OK,1.74,434076,0
adfgen_nacyc_se05_a_02_s_02_b_02_t_02_x_02_c_sXOR_Traffic_corona_ca_2015-12-21.gml.20_168_222.apx.normal.bnet,OK,1.92,467940,0
adfgen_nacyc_se05_a_02_s_02_b_02_t_02_x_02_c_sXOR_Traffic_el-dorado-transit_20151217_1024.gml.20_139_270.apx.normal.bnet,OK,2.11,441032,0
adfgen_nacyc_se05_a_02_s_02_b_02_t_02_x_02_c_sXOR_Traffic_csehpacilla@mailbox.hu_20141204_2045.gml.50_286_578.apx.normal.bnet,OK,2.43,509604,0
adfgen_nacyc_se05_a_02_s_02_b_02_t_02_x_02_c_sXOR_Traffic_csehattila87_20151216_1417.gml.20_291_482.apx.normal.bnet,OK,2.63,522680,0
adfgen_nacyc_se05_a_02_s_02_b_02_t_02_x_02_c_sXOR_Traffic_csehpacilla_at_mailbox.hu_20141204_2045.gml.50_286_578.apx.normal.bnet,OK,2.59,515040,0
adfgen_nacyc_se05_a_02_s_02_b_02_t_02_x_02_c_sXOR_Traffic_emel-limassol-buses_20130419_1345.gml.50_20_25.apx.normal.bnet,OK,1.15,423732,0
adfgen_nacyc_se05_a_02_s_02_b_02_t_02_x_02_c_sXOR_Traffic_hkx-hamburg-kln-express_20150114_1008.gml.80_10_14.apx.normal.bnet,OK,1.03,407432,0
adfgen_nacyc_se05_a_02_s_02_b_02_t_02_x_02_c_sXOR_Traffic_gunnison-valley-rta_20151202_1952.gml.50_18_31.apx.normal.bnet,OK,1.20,406828,0
adfgen_nacyc_se05_a_02_s_02_b_02_t_02_x_02_c_sXOR_Traffic_glendale-beeline_20151202_1859.gml.50_209_387.apx.normal.bnet,OK,2.33,466312,0
adfgen_nacyc_se05_a_02_s_02_b_02_t_02_x_02_c_sXOR_Traffic_go-transit-city-of-oshkosh_20151216_1805.gml.20_249_331.apx.normal.bnet,OK,2.33,477804,0
adfgen_nacyc_se05_a_02_s_02_b_02_t_02_x_02_c_sXOR_Traffic_hoang-express_20120831_1707.normalized.gml.50_14_23.apx.normal.bnet,OK,1.11,406472,0
adfgen_nacyc_se05_a_02_s_02_b_02_t_02_x_02_c_sXOR_Traffic_go-transit-city-of-oshkosh_20151216_1805.gml.50_249_421.apx.normal.bnet,OK,2.05,459164,0
adfgen_nacyc_se05_a_02_s_02_b_02_t_02_x_02_c_sXOR_Traffic_gold-country-stage_20141230_2236.gml.20_223_326.apx.normal.bnet,OK,1.98,455592,0
adfgen_nacyc_se05_a_02_s_02_b_02_t_02_x_02_c_sXOR_Traffic_irvine-shuttle_20091229_1547.gml.20_43_59.apx.normal.bnet,OK,1.43,422216,0
adfgen_nacyc_se05_a_02_s_02_b_02_t_02_x_02_c_sXOR_Traffic_irvine-shuttle_20091229_1547.gml.80_43_79.apx.normal.bnet,OK,1.47,415404,0
adfgen_nacyc_se05_a_02_s_02_b_02_t_02_x_02_c_sXOR_Traffic_jeffco-express_20151217_0857.gml.20_77_117.apx.normal.bnet,OK,1.53,421484,0
adfgen_nacyc_se05_a_02_s_02_b_02_t_02_x_02_c_sXOR_Traffic_joco_20140604_1619.gml.50_127_280.apx.normal.bnet,OK,1.64,445340,0
adfgen_nacyc_se05_a_02_s_02_b_02_t_02_x_02_c_sXOR_Traffic_kanawha-valley-regional-transportation-authority-krt_20150126_1340.gml.20_104_179.apx.normal.bnet,OK,1.61,432308,0
adfgen_nacyc_se05_a_02_s_02_b_02_t_02_x_02_c_sXOR_Traffic_humboldt-archiver_20151216_1436.gml.80_265_627.apx.normal.bnet,OK,2.23,492320,0
adfgen_nacyc_se05_a_02_s_02_b_02_t_02_x_02_c_sXOR_Traffic_janesville-transit-system_20150820_2037.gml.50_224_491.apx.normal.bnet,OK,2.19,473016,0
adfgen_nacyc_se05_a_02_s_02_b_02_t_02_x_02_c_sXOR_Traffic_leo-express_20150223_1307.gml.50_11_18.apx.normal.bnet,OK,1.03,419384,0
adfgen_nacyc_se05_a_02_s_02_b_02_t_02_x_02_c_sXOR_Traffic_laguna-beach-transit_20151216_1912.gml.20_20_50.apx.normal.bnet,OK,1.38,416092,0
adfgen_nacyc_se05_a_02_s_02_b_02_t_02_x_02_c_sXOR_Traffic_kern-regional-transit_20140801_2043.gml.20_179_323.apx.normal.bnet,OK,2.39,486304,0
adfgen_nacyc_se05_a_02_s_02_b_02_t_02_x_02_c_sXOR_Traffic_massachusetts-archiver_20090912_0208.gml.80_34_59.apx.normal.bnet,OK,1.32,410332,0
adfgen_nacyc_se05_a_02_s_02_b_02_t_02_x_02_c_sXOR_Traffic_lowell-regional-transit-authority_20121214_0433.gml.20_128_191.apx.normal.bnet,OK,1.65,434788,0
adfgen_nacyc_se05_a_02_s_02_b_02_t_02_x_02_c_sXOR_Traffic_lowell-regional-transit-authority_20121214_0433.gml.80_128_296.apx.normal.bnet,OK,1.58,435104,0
adfgen_nacyc_se05_a_02_s_02_b_02_t_02_x_02_c_sXOR_Traffic_leon_spain_2016-01.gml.80_202_475.apx.normal.bnet,OK,1.87,453620,0
adfgen_nacyc_se05_a_02_s_02_b_02_t_02_x_02_c_sXOR_Traffic_miccolis-spa_20141228_1729.gml.50_40_113.apx.normal.bnet,OK,1.59,439860,0
adfgen_nacyc_se05_a_02_s_02_b_02_t_02_x_02_c_sXOR_Traffic_mumbai-metro_20151216_1419.gml.50_12_19.apx.normal.bnet,OK,0.94,408824,0
adfgen_nacyc_se05_a_02_s_02_b_02_t_02_x_02_c_sXOR_Traffic_milton-freewater-or-us.gml.80_29_50.apx.normal.bnet,OK,1.24,409324,0
adfgen_nacyc_se05_a_02_s_02_b_02_t_02_x_02_c_sXOR_Traffic_mrc-de-deux-montagnes_20130213_2116.gml.50_27_52.apx.normal.bnet,OK,1.17,419304,0
adfgen_nacyc_se05_a_02_s_02_b_02_t_02_x_02_c_sXOR_Traffic_massachusetts_nrta_2014-12-03.gml.20_130_185.apx.normal.bnet,OK,1.92,446616,0
adfgen_nacyc_se05_a_02_s_02_b_02_t_02_x_02_c_sXOR_Traffic_myciti_20131022_0552.gml.50_122_210.apx.normal.bnet,OK,1.36,427868,0
adfgen_nacyc_se05_a_02_s_02_b_02_t_02_x_02_c_sXOR_Traffic_mountain-line-archiver_20110312_0338.gml.80_255_513.apx.normal.bnet,OK,1.60,454768,0
adfgen_nacyc_se05_a_02_s_02_b_02_t_02_x_02_c_sXOR_Traffic_northwestpoint_or_2015-12-07.gml.20_11_13.apx.normal.bnet,OK,1.28,411592,0
adfgen_nacyc_se05_a_02_s_02_b_02_t_02_x_02_c_sXOR_Traffic_path_20120517_1620.normalized.gml.20_13_15.apx.normal.bnet,OK,1.18,412868,0
adfgen_nacyc_se05_a_02_s_02_b_02_t_02_x_02_c_sXOR_Traffic_nc-state-university-wolfline_20150227_1735.gml.50_109_224.apx.normal.bnet,OK,1.71,430740,0
adfgen_nacyc_se05_a_02_s_02_b_02_t_02_x_02_c_sXOR_Traffic_omit-sainte-julie_20151202_1945.gml.50_152_280.apx.normal.bnet,OK,1.86,445016,0
adfgen_nacyc_se05_a_02_s_02_b_02_t_02_x_02_c_sXOR_Traffic_ouibus_20151219_1959.gml.50_54_164.apx.normal.bnet,OK,1.85,432480,0
adfgen_nacyc_se05_a_02_s_02_b_02_t_02_x_02_c_sXOR_Traffic_norwalk_ct_2016-01.gml.80_250_552.apx.normal.bnet,OK,1.98,460624,0
adfgen_nacyc_se05_a_02_s_02_b_02_t_02_x_02_c_sXOR_Traffic_palos-verdes-peninsula-transit-authority_20151216_1829.gml.80_192_499.apx.normal.bnet,OK,1.87,450036,0
adfgen_nacyc_se05_a_02_s_02_b_02_t_02_x_02_c_sXOR_Traffic_razorback-transit_20090814_1752.gml.50_92_188.apx.normal.bnet,OK,1.23,436316,0
adfgen_nacyc_se05_a_02_s_02_b_02_t_02_x_02_c_sXOR_Traffic_rockland_county_ny_2016-01.gml.20_16_32.apx.normal.bnet,OK,1.08,414032,0
adfgen_nacyc_se05_a_02_s_02_b_02_t_02_x_02_c_sXOR_Traffic_redwood-coast-transit_20151216_1453.gml.20_113_165.apx.normal.bnet,OK,1.91,435800,0
adfgen_nacyc_se05_a_02_s_02_b_02_t_02_x_02_c_sXOR_Traffic_rio-vista-delta-breeze_20131212_0124.gml.50_64_107.apx.normal.bnet,OK,1.49,420272,0
adfgen_nacyc_se05_a_02_s_02_b_02_t_02_x_02_c_sXOR_Traffic_rio-vista-delta-breeze_20131212_0124.gml.80_64_127.apx.normal.bnet,OK,1.40,423180,0
adfgen_nacyc_se05_a_02_s_02_b_02_t_02_x_02_c_sXOR_Traffic_roseville_ca_2015-10-21.gml.80_207_449.apx.normal.bnet,OK,1.81,446376,0
adfgen_nacyc_se05_a_02_s_02_b_02_t_02_x_02_c_sXOR_Traffic_s-potniki-promet-doo_20141212_1812.gml.80_262_703.apx.normal.bnet,OK,1.90,478152,0
adfgen_nacyc_se05_a_02_s_02_b_02_t_02_x_02_c_sXOR_Traffic_san-benito-county-express_20151216_1918.gml.20_61_91.apx.normal.bnet,OK,1.24,433520,0
adfgen_nacyc_se05_a_02_s_02_b_02_t_02_x_02_c_sXOR_Traffic_sfbay-ferries-archiver_20100127_0320.gml.80_9_26.apx.normal.bnet,OK,1.01,407256,0
adfgen_nacyc_se05_a_02_s_02_b_02_t_02_x_02_c_sXOR_Traffic_san_francisco-BART_20160101_v1.gml.20_45_57.apx.normal.bnet,OK,1.63,422544,0
adfgen_nacyc_se05_a_02_s_02_b_02_t_02_x_02_c_sXOR_Traffic_sbase_20150429_2048.gml.80_98_171.apx.normal.bnet,OK,1.55,482156,0
adfgen_nacyc_se05_a_02_s_02_b_02_t_02_x_02_c_sXOR_Traffic_societe-nationale-des-chemins-de-fer-tunisiens_20140804_1915.gml.20_18_21.apx.normal.bnet,OK,0.92,406444,0
adfgen_nacyc_se05_a_02_s_02_b_02_t_02_x_02_c_sXOR_Traffic_septa_20151217_1207.gml.80_155_406.apx.normal.bnet,OK,1.80,443128,0
adfgen_nacyc_se05_a_02_s_02_b_02_t_02_x_02_c_sXOR_Traffic_southern_california_2016-01.gml.20_56_89.apx.normal.bnet,OK,1.08,414476,0
adfgen_nacyc_se05_a_02_s_02_b_02_t_02_x_02_c_sXOR_Traffic_siskiyou-transit-and-general-express_20150106_0149.gml.80_117_351.apx.normal.bnet,OK,1.36,436256,0
adfgen_nacyc_se05_a_02_s_02_b_02_t_02_x_02_c_sXOR_Traffic_southwest-point_20151216_1538.gml.80_18_34.apx.normal.bnet,OK,1.16,417424,0
adfgen_nacyc_se05_a_02_s_02_b_02_t_02_x_02_c_sXOR_Traffic_swan-island-tma_20151217_0809.gml.20_15_26.apx.normal.bnet,OK,1.15,406024,0
adfgen_nacyc_se05_a_02_s_02_b_02_t_02_x_02_c_sXOR_Traffic_sunshine-bus-company_20151216_1645.gml.80_48_122.apx.normal.bnet,OK,1.52,418300,0
adfgen_nacyc_se05_a_02_s_02_b_02_t_02_x_02_c_sXOR_Traffic_temiskaming-transit_20140107_0435.gml.20_62_87.apx.normal.bnet,OK,1.33,417600,0
adfgen_nacyc_se05_a_02_s_02_b_02_t_02_x_02_c_sXOR_Traffic_the-shuttle-inc_20141224_0137.gml.20_18_23.apx.normal.bnet,OK,1.24,413404,0
adfgen_nacyc_se05_a_02_s_02_b_02_t_02_x_02_c_sXOR_Traffic_tehama_ca_2015-12-30.gml.80_90_212.apx.normal.bnet,OK,1.46,426688,0
adfgen_nacyc_se05_a_02_s_02_b_02_t_02_x_02_c_sXOR_Traffic_tehama-archiver_20151217_1411.gml.20_90_138.apx.normal.bnet,OK,1.52,424088,0
adfgen_nacyc_se05_a_02_s_02_b_02_t_02_x_02_c_sXOR_Traffic_tri-rail_20090129_0554.gml.20_18_20.apx.normal.bnet,OK,1.19,407864,0
adfgen_nacyc_se05_a_02_s_02_b_02_t_02_x_02_c_sXOR_Traffic_tri-rail_20090129_0554.gml.50_18_29.apx.normal.bnet,OK,1.26,411028,0
adfgen_nacyc_se05_a_02_s_02_b_02_t_02_x_02_c_sXOR_Traffic_tillamook-or-us.gml.20_182_281.apx.normal.bnet,OK,1.90,464520,0
adfgen_nacyc_se05_a_02_s_02_b_02_t_02_x_02_c_sXOR_Traffic_tillamook-or-us.gml.80_182_418.apx.normal.bnet,OK,1.99,454084,0
adfgen_nacyc_se05_a_02_s_02_b_02_t_02_x_02_c_sXOR_Traffic_triangle-transit-express_20150227_1736.gml.20_56_105.apx.normal.bnet,OK,1.60,427876,0
adfgen_nacyc_se05_a_02_s_02_b_02_t_02_x_02_c_sXOR_Traffic_tillamook_or_2016-01.gml.80_181_424.apx.normal.bnet,OK,1.90,445504,0
adfgen_nacyc_se05_a_02_s_02_b_02_t_02_x_02_c_sXOR_Traffic_topeka-metro_20121026_2234.gml.50_292_589.apx.normal.bnet,OK,2.08,468300,0
adfgen_nacyc_se05_a_02_s_02_b_02_t_02_x_02_c_sXOR_Traffic_triangle-transit-express_20150227_1736.gml.80_56_154.apx.normal.bnet,OK,0.85,418940,0
adfgen_nacyc_se05_a_02_s_02_b_02_t_02_x_02_c_sXOR_Traffic_valleyretriever_or_2015-12-01.gml.20_14_20.apx.normal.bnet,OK,1.15,415416,0
adfgen_nacyc_se05_a_02_s_02_b_02_t_02_x_02_c_sXOR_Traffic_woodburn-or-us.gml.20_52_63.apx.normal.bnet,OK,1.65,418904,0
adfgen_nacyc_se05_a_02_s_02_b_02_t_02_x_02_c_sXOR_Traffic_umpquatransit_or_2015-12-03.gml.50_190_349.apx.normal.bnet,OK,2.08,468228,0
adfgen_nacyc_se05_a_02_s_02_b_02_t_02_x_02_c_sXOR_Traffic_tursib_20110626_1306.gml.50_212_426.apx.normal.bnet,OK,2.28,460360,0
adfgen_nacyc_se05_a_02_s_02_b_02_t_02_x_02_c_sXOR_Traffic_university-of-nairobi-c4dlab_20141208_0940.normalized.gml.80_274_596.apx.normal.bnet,OK,2.21,487860,0
adfgen_nacyc_se05_a_02_s_02_b_02_t_02_x_02_c_sXOR_Traffic_worcester-regional-transit-authority_20130618_1740.gml.50_80_181.apx.normal.bnet,OK,1.55,428628,0
adfgen_nacyc_se05_a_02_s_02_b_02_t_02_x_02_c_sXOR_Traffic_vitoria-gasteiz_2016-01.gml.20_279_455.apx.normal.bnet,OK,2.34,479160,0
adfgen_nacyc_se05_a_02_s_02_b_02_t_02_x_02_c_sXOR_Traffic_worcester-regional-transit-authority_20130618_1740.gml.80_80_214.apx.normal.bnet,OK,1.07,428028,0
comma2014-70-01.normal.bnet,OK,1.81,445472,0
comma2014-70-03.normal.bnet,OK,1.69,451740,0
adfgen_nacyc_se05_a_02_s_02_b_02_t_02_x_02_c_sXOR_Traffic_yamhill-or-us.gml.20_157_241.apx.normal.bnet,OK,2.01,463356,0
comma2014-70-02.normal.bnet,OK,1.85,442048,0
comma2014-70-04.normal.bnet,OK,1.79,435220,0
adfgen_nacyc_se05_a_02_s_02_b_02_t_02_x_02_c_sXOR_Traffic_yuba-sutter-transit_20151216_1736.gml.20_216_327.apx.normal.bnet,OK,2.12,451708,0
comma2014-70-05.normal.bnet,OK,1.47,435060,0
comma2014-70-07.normal.bnet,OK,1.72,448504,0
comma2014-70-09.normal.bnet,OK,1.73,439740,0
comma2014-70-06.normal.bnet,OK,1.91,440616,0
comma2014-70-11.normal.bnet,OK,1.72,449764,0
comma2014-70-08.normal.bnet,OK,1.89,440652,0
comma2014-70-12.normal.bnet,OK,1.79,437340,0
comma2014-70-10.normal.bnet,OK,1.88,434872,0
comma2014-70-13.normal.bnet,OK,1.89,437076,0
comma2014-70-17.normal.bnet,OK,1.73,447552,0
comma2014-70-15.normal.bnet,OK,1.93,439368,0
comma2014-70-19.normal.bnet,OK,1.79,438768,0
comma2014-70-14.normal.bnet,OK,1.97,439100,0
comma2014-70-16.normal.bnet,OK,1.89,437764,0
comma2014-70-18.normal.bnet,OK,1.89,435624,0
comma2014-70-20.normal.bnet,OK,1.88,447424,0
comma2014-70-23.normal.bnet,OK,1.84,445824,0
comma2014-70-21.normal.bnet,OK,2.03,437288,0
comma2014-70-25.normal.bnet,OK,1.83,439404,0
comma2014-70-24.normal.bnet,OK,1.84,448092,0
comma2014-70-22.normal.bnet,OK,1.90,453488,0
comma2014-70-26.normal.bnet,OK,1.81,436704,0
comma2014-70-30.normal.bnet,OK,1.73,439188,0
comma2014-70-27.normal.bnet,OK,1.90,442768,0
comma2014-70-29.normal.bnet,OK,1.83,435808,0
comma2014-70-28.normal.bnet,OK,1.91,455120,0
comma2014-70-32.normal.bnet,OK,1.82,438312,0
comma2014-70-33.normal.bnet,OK,1.78,434788,0
comma2014-70-31.normal.bnet,OK,1.89,437504,0
comma2014-70-35.normal.bnet,OK,1.77,440624,0
comma2014-70-34.normal.bnet,OK,1.89,441740,0
comma2014-70-36.normal.bnet,OK,1.86,447976,0
comma2014-70-37.normal.bnet,OK,1.95,438920,0
comma2014-70-38.normal.bnet,OK,1.86,436652,0
comma2014-70-39.normal.bnet,OK,1.87,436796,0
comma2014-70-40.normal.bnet,OK,1.83,443532,0
comma2014-80-02.normal.bnet,OK,1.69,441060,0
comma2014-80-03.normal.bnet,OK,1.89,443644,0
comma2014-80-01.normal.bnet,OK,1.99,440704,0
comma2014-80-05.normal.bnet,OK,1.87,445584,0
comma2014-80-04.normal.bnet,OK,1.94,441692,0
comma2014-80-07.normal.bnet,OK,1.91,439636,0
comma2014-80-06.normal.bnet,OK,1.96,442972,0
comma2014-80-11.normal.bnet,OK,1.75,440120,0
comma2014-80-08.normal.bnet,OK,2.01,446336,0
comma2014-80-09.normal.bnet,OK,2.01,467460,0
comma2014-80-13.normal.bnet,OK,1.89,441680,0
comma2014-80-12.normal.bnet,OK,1.95,447424,0
comma2014-80-10.normal.bnet,OK,2.04,443548,0
comma2014-80-14.normal.bnet,OK,1.91,440404,0
comma2014-80-16.normal.bnet,OK,1.93,446860,0
comma2014-80-18.normal.bnet,OK,1.90,460044,0
comma2014-80-19.normal.bnet,OK,1.89,445552,0
comma2014-80-20.normal.bnet,OK,1.88,451076,0
comma2014-80-21.normal.bnet,OK,1.87,439960,0
comma2014-80-17.normal.bnet,OK,2.05,453984,0
comma2014-80-15.normal.bnet,OK,2.19,447440,0
comma2014-80-23.normal.bnet,OK,1.92,453624,0
comma2014-80-24.normal.bnet,OK,1.95,440712,0
comma2014-80-22.normal.bnet,OK,2.05,450072,0
comma2014-80-26.normal.bnet,OK,1.96,445980,0
comma2014-80-25.normal.bnet,OK,1.96,439092,0
comma2014-80-27.normal.bnet,OK,1.97,447000,0
comma2014-80-28.normal.bnet,OK,2.00,443024,0
comma2014-80-31.normal.bnet,OK,1.85,447148,0
comma2014-80-29.normal.bnet,OK,1.91,468080,0
comma2014-80-33.normal.bnet,OK,1.80,444104,0
comma2014-80-34.normal.bnet,OK,1.78,441712,0
comma2014-80-30.normal.bnet,OK,1.97,441972,0
comma2014-80-35.normal.bnet,OK,1.87,442184,0
comma2014-80-32.normal.bnet,OK,1.93,443456,0
comma2014-80-36.normal.bnet,OK,1.85,448496,0
comma2014-80-37.normal.bnet,OK,1.95,446608,0
comma2014-80-39.normal.bnet,OK,1.85,442132,0
metro_beijing-01.normal.bnet,OK,1.92,453036,0
comma2014-80-38.normal.bnet,OK,1.98,449268,0
comma2014-80-40.normal.bnet,OK,1.89,443708,0
metro_beijing-02.normal.bnet,OK,1.93,435012,0
metro_beijing-03.normal.bnet,OK,1.99,445576,0
metro_beijing-04.normal.bnet,OK,2.05,453284,0
metro_beijing-05.normal.bnet,OK,1.94,467804,0
metro_london-01.normal.bnet,OK,2.08,470500,0
metro_london-03.normal.bnet,OK,2.12,465244,0
metro_london-02.normal.bnet,OK,2.20,472784,0
metro_london-04.normal.bnet,OK,2.12,461340,0
metro_munich-01.normal.bnet,OK,1.59,428236,0
metro_munich-02.normal.bnet,OK,1.59,423540,0
metro_munich-04.normal.bnet,OK,1.56,433696,0
metro_munich-03.normal.bnet,OK,1.68,429128,0
metro_munich-05.normal.bnet,OK,1.62,421744,0
metro_london-05.normal.bnet,OK,2.01,472436,0
metro_shanghai-01.normal.bnet,OK,1.82,445136,0
metro_singapore-02.normal.bnet,OK,1.47,433468,0
metro_singapore-01.normal.bnet,OK,1.63,423832,0
metro_singapore-03.normal.bnet,OK,1.62,442224,0
metro_shanghai-03.normal.bnet,OK,1.93,449080,0
metro_shanghai-05.normal.bnet,OK,1.90,447284,0
metro_shanghai-02.normal.bnet,OK,1.96,461868,0
metro_shanghai-04.normal.bnet,OK,1.92,454128,0
metro_singapore-05.normal.bnet,OK,1.61,429564,0
metro_singapore-04.normal.bnet,OK,1.80,431904,0
metro_tram_vienna-01.normal.bnet,OK,1.75,443620,0
metro_tram_vienna-03.normal.bnet,OK,1.80,447444,0
metro_tram_vienna-04.normal.bnet,OK,1.69,439180,0
metro_tram_vienna-02.normal.bnet,OK,1.87,438816,0
metro_tram_vienna-05.normal.bnet,OK,1.83,437160,0
metro_vienna-04.normal.bnet,OK,1.62,437560,0
metro_vienna-02.normal.bnet,OK,1.68,438224,0
metro_vienna-01.normal.bnet,OK,1.79,434096,0
metro_vienna-03.normal.bnet,OK,1.72,435732,0
metro_vienna-05.normal.bnet,OK,1.83,441424,0
n128p5q2_ve.apx.graph.normal.bnet,OK,0.81,392692,0
n160p5q2_ve.apx.graph.normal.bnet,OK,0.83,391004,0
n192p5q2_ve.apx.graph.normal.bnet,OK,0.85,391012,0
n224p5q2_ve.apx.graph.normal.bnet,OK,1.12,392312,0
n256p3q08n.apx.graph.normal.bnet,OK,0.89,391276,0
n320p5q2_n.apx.graph.normal.bnet,OK,0.85,392552,0
n256p5q2_e.apx.graph.normal.bnet,OK,1.10,392624,0
n100p5q2.apx.graph.normal.bnet,ERROR,56.15,41105652,0
Small-result-b99.apx.graph.normal.bnet,TIMEOUT,1209.13,3256,124
n100p3q34ve.apx.graph.normal.bnet,OK,96.75,40735568,0
n160p3q24e.apx.graph.normal.bnet,TIMEOUT,1200.01,3252,124
